video_id,channel_id,title,thumbnail_url_default,thumbnail_url_medium,tags,default_language,duration,upload_time,views,subscriber_count,channel_views,video_count,created_channel_at
UVs37Q70VrE,UCeVBnXsh1quagEogYlGCwyA,Cozy Winter Coffee Shop â›„ Relaxing Jazz & Warm Fireplace Sounds for Study and Work,https://i.ytimg.com/vi/UVs37Q70VrE/default.jpg,https://i.ytimg.com/vi/UVs37Q70VrE/mqdefault.jpg,"cozy jazz cafe, coffee shop rain ambience, rainy jazz, autumn jazz music, relaxing rainy day jazz, soft piano jazz, study cafe ambience, relaxing coffee jazz, warm cozy jazz, smooth rainy jazz, cozy coffee shop jazz, rainy day jazz music, study jazz background, peaceful jazz piano, rainy day coffee music, relaxing piano jazz, rain sounds with jazz, jazz for studying and rain, background jazz music, winter fireplace ambience, winter ambience music, cozy winter ambience",en-US,PT3H47M35S,2025-11-25T11:00:31Z,192286,6970,2644718,100,2025-10-07T21:01:02.393013Z
8Ddgy5tCKtg,UCbsHYIZwk9pZIMp53ciDjOw,"Playlist | ë‹¤ê°€ì˜¤ëŠ” ì—°ë§, ê²¨ìš¸ ë¶„ìœ„ê¸°ë¥¼ ë”í•  ì¬ì¦ˆ í”Œë¦¬ â¤ï¸Â | ë“£ê¸°ë§Œ í•´ë„ ì„¤ë ˆëŠ” í¬ë¦¬ìŠ¤ë§ˆìŠ¤ ì¬ì¦ˆ ëª¨ìŒ | ë§¤ì¥ ì¹´í˜ â˜•ï¸  | Relaxing Jazz Music",https://i.ytimg.com/vi/8Ddgy5tCKtg/default.jpg,https://i.ytimg.com/vi/8Ddgy5tCKtg/mqdefault.jpg,"ê¸°ë¶„ì§¸ì¦ˆë„¤, ê¸°ë¶„ì¬ì¦ˆë„¤, ì¬ì¦ˆë„¤, moodisjazz, ì¬ì¦ˆí”¼ì•„ë…¸, ì¬ì¦ˆë€ë¬´ì—‡ì¸ê°€, ì¬ì¦ˆìŒì•…, ì¬ì¦ˆê°€ë­ë¼ê³ ìƒê°í•˜ì‹­ë‹ˆê¹Œ, ì¬ì¦ˆí”Œë ˆì´ë¦¬ìŠ¤íŠ¸, JAZZNE, ìŒì•…, ì¬ì¦ˆ, jazz, #jazz",ko,PT2H43M18S,2025-11-08T23:50:01Z,1579392,354000,106484752,224,2022-06-26T13:46:31.170279Z
tDFIKQEnSpQ,UCtfQGNqooC1wPtrDslZFNCQ,Cozy Christmas CafÃ© Atmosphere â˜• Soft Jazz Piano & Fireplace Sounds for Study and Focus,https://i.ytimg.com/vi/tDFIKQEnSpQ/default.jpg,https://i.ytimg.com/vi/tDFIKQEnSpQ/mqdefault.jpg,"relaxing cafe jazz, cozy autumn ambience, autumn jazz music, peaceful jazz cafÃ©, rainy autumn jazz, cozy jazz atmosphere, warm jazz ambience, peaceful autumn jazz for rainy days, cozy autumn ambience with gentle rain, autumn evening jazz, cozy jazz ambience, fireplace jazz ambience, soft piano jazz with rain, autumn rain jazz music, peaceful study jazz, smooth background jazz, soft winter jazz fireplace, winter coffee shop jazz, smooth winter jazz, relaxing fireplace jazz",en,PT11H52M54S,2025-12-23T02:28:57Z,41051,6660,2957798,76,2025-10-20T10:21:02.01082Z
FKGVOJQDK9g,UCSo7Wq4VyfW5v1RpMLvWN-g,Relaxing Christmas Music and Cozy Crackling Fireplace Ambience 24/7 for a Relaxed Christmas,https://i.ytimg.com/vi/FKGVOJQDK9g/default_live.jpg,https://i.ytimg.com/vi/FKGVOJQDK9g/mqdefault_live.jpg,"christmas, christmas ambience, christmas fireplace, fireplace christmas, christmas scene, christmas background, christmas music, christmas ambiance, christmas songs, christmas song, relaxing christmas music, ambience, instrumental christmas music, background music, crackling fireplace, fireplace, fireplace sounds, cozy moments, cozy christmas, snow ambience, christmas carols, instrumental christmas musics, cozy winter ambience, music and fireplace, piano music, cozy",en,P0D,2025-10-15T17:15:18Z,1173334,70400,18174702,73,2019-06-07T15:59:26Z
MkeGihSD63o,UCMQPPQWygUStw8HzrxX8_hA,"Relaxing Christmas Carol Music ğŸ Quiet and Comfortable Instrumental Music, Christmas Ambience 2026",https://i.ytimg.com/vi/MkeGihSD63o/default.jpg,https://i.ytimg.com/vi/MkeGihSD63o/mqdefault.jpg,"Peaceful Christmas Moments, christmas music, relaxing christmas music, peaceful christmas music, instrumental christmas music, christmas songs, xmas song, xmas music, xmas, christmas, christmas ambience, christmas ambient, christmas background music, xmas background music, relaxing music, christmas music 2026, christmas song 2026, heavenly christmas music, christmas background, christmas tree, christmas song, merry christmas, christmas carols, christmas piano, soft piano",en,PT3H31M29S,2025-12-06T15:19:00Z,1068754,8060,2252185,46,2025-11-04T08:24:03.293182Z
rdM2w57X_-w,UCzMGBnrq1LwN_MGl1DU9TWQ,Relaxing Winter Morning Jazz at Outdoor Coffee Shop Ambience â„ Soft Piano Jazz Music for Studying,https://i.ytimg.com/vi/rdM2w57X_-w/default_live.jpg,https://i.ytimg.com/vi/rdM2w57X_-w/mqdefault_live.jpg,"jazz, jazz music, piano music, relaxing jazz, winter jazz, jazz piano, soft jazz, morning jazz, relaxing morning, winter morning, winter morning jazz, relaxing morning jazz, coffee shop music, coffee shop ambience, coffee shop jazz, outdoor coffee shop, outdoor coffee shop ambience, winter coffee shop, winter coffee shop ambience, relaxing jazz music, winter jazz music, soft jazz music, morning jazz cafe, winter ambience, relaxing winter morning jazz, ã‚¸ãƒ£ã‚º, sweet jazz cafe",en,P0D,2025-12-16T12:06:13Z,72167,13500,3149901,166,2024-02-27T07:10:49.646857Z
yf5NOyy1SXU,UCIB228QNsdJDSX8bocYCZOA,Soft Lofi Room ğŸ§ Chill Vibes for Peaceful Study & Relaxation,https://i.ytimg.com/vi/yf5NOyy1SXU/default_live.jpg,https://i.ytimg.com/vi/yf5NOyy1SXU/mqdefault_live.jpg,"lofi, chill, Music, beat, cafe, Work, Study, Coffee, Relax, sleep, jazz, cozy jazz, çˆµå£«, jazz room, cafe bgm, bgm, jazz bgm, cozy playlist, playlist, sleep jazz, cozy list, cozyjazz, jazzplaylist, jazz playlist, ì¬ì¦ˆ, sleepjazz, BGM playlist, cafe playlist, lofi girl, lofi boy, lofi chill, chill girl, cozy lofi, cozymusic, relax chill, chillrelax",en,P0D,2025-04-12T02:59:47Z,2765860,53700,19066442,118,2024-09-11T07:50:19.609257Z
nftGJDj8ho0,UCmCB1HBrYFuBPyvkcweFhlg,Soulful R&B Vibes ğŸ’– Smooth Love Songs & Emotional Chill Mix for the Heart,https://i.ytimg.com/vi/nftGJDj8ho0/default.jpg,https://i.ytimg.com/vi/nftGJDj8ho0/mqdefault.jpg,"smooth r&b, soulful r&b, r&b chill mix, smooth soul music, r&b soul playlist, relaxing r&b, emotional r&b, chill r&b, smooth groove, soft r&b, romantic r&b, r&b love songs, study r&b, late night r&b, slow jams 2025, soulful chill music, chill soul vibes, smooth r&b 2025, r&b background music, r&b slow groove, modern soul, r&b soul mix, mellow r&b, sensual r&b, peaceful r&b, romantic soul mix, smooth r&b playlist USA, soulful r&b slow jam, chill and relax music",en-US,PT2H27M28S,2025-10-16T00:01:00Z,1225056,21800,4807849,86,2025-10-07T02:13:57.893642Z
JwvUvKeSYS8,UCBnMxlW70f0SB4ZTJx124lw,[Playlist] ì•„ì¹¨ë¶€í„° ì¬ì¦ˆ í•œê·¸ë¦‡ ë§ì•„ë¨¹ì–´ë³¼ê¹Œë‚˜ğŸ¤ ë“£ìë§ˆì ê¸°ë¶„ ì¢‹ì•„ì§€ëŠ” ëª¨ë‹ì¬ì¦ˆí”Œë¦¬ â® Morning Jazz Piano Instrumental Music,https://i.ytimg.com/vi/JwvUvKeSYS8/default.jpg,https://i.ytimg.com/vi/JwvUvKeSYS8/mqdefault.jpg,"ì¬ì¦ˆí”¼ì•„ë…¸, ì¬ì¦ˆí”Œë ˆì´ë ˆìŠ¤íŠ¸, jazz, jazzmusic, jazzpiano, jazzguitar, jazzpianomusic, cafejazz, cafemusic, cafejazzmusic, cafebgm, ì¹´í˜ìŒì•…, ì¹´í˜ì—ì„œë“£ê¸°ì¢‹ì€ë…¸ë˜, ì¹´í˜ì¬ì¦ˆ, ì¹´í˜ì¬ì¦ˆìŒì•…, ì¹´í˜ì¬ì¦ˆê´‘ê³ ì—†ìŒ, ì¹´í˜ì¬ì¦ˆí”¼ì•„ë…¸, ì¹´í˜ì¬ì¦ˆìŒì•…ëª¨ìŒ, ì¹´í˜ì¬ì¦ˆì‹¤ì‹œê°„, ì¹´í˜ì¬ì¦ˆìŒì•…ê´‘ê³ ì—†ëŠ”, ì¹´í˜ì¬ì¦ˆí”Œë ˆì´ë¦¬ìŠ¤íŠ¸, pianojazz, í”¼ì•„ë…¸ì—°ì£¼ê³¡, í”¼ì•„ë…¸ì—°ì£¼, ëª½í‚¤ë¹„ì§€ì— , monkeybgm, cafemusicbgmchannel, cafemusicjazz, ì¬ì¦ˆí”¼ì•„ë…¸ì—°ì£¼, ì¬ì¦ˆí”¼ì•„ë…¸ì—°ì£¼ê³¡, relaxingpianomusic, relaxingmusic, relaxingjazz, ë§¤ì¥ì—ì„œë“£ê¸°ì¢‹ì€ìŒì•…, ë§¤ì¥ìŒì•…ê´‘ê³ ì—†ìŒ, backgroundmusic, jazzplaylist, playlist, playlistê´‘ê³ ì—†ëŠ”, ì¬ì¦ˆ, ì¬ì¦ˆìŒì•…
Work jazz, work&studyjazz, ì¼í• ë•Œì¬ì¦ˆ, ì¼í• ë•Œí‹€ì–´ë†“ê¸°ì¢‹ì€ì¬ì¦ˆ, ì•„ì¹¨ì¬ì¦ˆ, ëª¨ë‹ì¬ì¦ˆ, morningjazz, morningplaylist, ëª¨ë‹í”Œë¦¬, ì•„ì¹¨í”Œë¦¬",ko,PT10H36M15S,2025-02-10T23:00:16Z,950297,323000,138348582,429,2020-02-22T04:21:05.330726Z
9yOPk65AEA0,UCaAz9SSxPeqpoXbvH3NnF1A,"Ariana Grande, Mariah Carey, Justin Bieber, Christmas Songs Christmas Songs Playlist 2026",https://i.ytimg.com/vi/9yOPk65AEA0/default.jpg,https://i.ytimg.com/vi/9yOPk65AEA0/mqdefault.jpg,"christmas songs, christmas music, top christmas songs, top christmas music, christmas songs 2025, merry christmas, christmas songs playlist, best christmas songs, top christmas songs 2025, christmas songs forever, top 100 christmas songs, best christmas songs of all time, all i want for christmas, jingle bells, silient night, love to sing, noel music, noel 2025, merry christmas 2025, top christmas songs of all time, christmas songs and carols, mariah carey, ariana grande",en,PT3H11M11S,2025-11-16T10:00:06Z,85502,17900,5373551,96,2025-05-19T04:19:35.099824Z
rVifZxxcsNs,UCldNm3iiTQ9w6q6InHHz26Q,BEAUTIFUL CHRISTMAS MUSIC 2025 ğŸğŸ¶ Top Christmas Songs of All Time for Relaxation ğŸ¶ Fireplace 4kğŸ”¥,https://i.ytimg.com/vi/rVifZxxcsNs/default.jpg,https://i.ytimg.com/vi/rVifZxxcsNs/mqdefault.jpg,"Christmas, Christmas Ambience, Fire Sounds, Fireplace, 4k fireplace, ASMR, Asmr sounds, Fireplace burning, Relaxing music, asmr for sleep, christmas background music, christmas fireplace, christmas music, christmas songs, fireplace 4k, fireplace ambience, fireplace christmas, instrumental christmas music, jazz relaxing music, relaxing christmas music, relaxing music sleep, sleep music, visual asmr, relaxing music, Relaxation, Study, New year 2025, Happy new year",en-US,PT3H10M56S,2024-12-30T23:31:18Z,1059421,15900,4664009,84,2021-09-11T17:38:14.523347Z
grQl_OaN2BQ,UCZR3-lM6Z-n5_UGHlwx_Rpw,Christmas Porch Ambience ğŸ„ Relaxing Christmas Jazz Music with Snowfall & Crackling Fireplace to Work,https://i.ytimg.com/vi/grQl_OaN2BQ/default_live.jpg,https://i.ytimg.com/vi/grQl_OaN2BQ/mqdefault_live.jpg,"christmas ambience, christmas jazz, jazz, jazz music, relaxing jazz, snowfall, snowfall jazz, jazz snowfall, crackling fireplace, fireplace jazz, cozy christmas, cozy christmas ambience, christmas porch, christmas porch ambience, cozy christmas porch ambience, porch ambience, cozy porch ambience, relaxing jazz music, jazz relaxing music, christmas jazz music, relaxing christmas jazz, relaxing christmas jazz music, cozy christmas jazz, cozy ambience, jazz ambience",en,P0D,2023-11-27T09:50:09Z,2953554,201000,68985701,258,2023-05-05T03:50:38.113607Z
n2z9G6pMJn0,UCIBMl8hELWupwafa2cDIHkw,Fireplace Christmas Jazz in a Cozy Christmas Cabin Ambience â„ï¸ Gentle Snowfall for Relaxing & Sleep,https://i.ytimg.com/vi/n2z9G6pMJn0/default.jpg,https://i.ytimg.com/vi/n2z9G6pMJn0/mqdefault.jpg,"fireplace christmas jazz, cozy christmas cabin ambience, relaxing christmas ambience, christmas jazz music, winter cabin fireplace, holiday sleep music, christmas stress relief, peaceful christmas ambience, cozy winter jazz, fireplace crackle christmas, snowfall ambience sleep, calm christmas night, winter relaxation ambience, christmas reading music, holiday background jazz, deep sleep christmas ambience, relaxing winter sounds, cozy cabin christmas jazz, velvet jazz notes",en,PT6H26M53S,2025-11-30T20:49:47Z,57107,20200,11698455,157,2011-04-26T07:39:52Z
7Y2ukAKifRg,UCGECsqDpDd58G161CBL9xFQ,Winter Cafe Vibes ~ Soft Piano Jazz for Deep Focus & Cozy Reading Ambience,https://i.ytimg.com/vi/7Y2ukAKifRg/default.jpg,https://i.ytimg.com/vi/7Y2ukAKifRg/mqdefault.jpg,"winter ambiance, winter cafe vibes, soft piano jazz, deep focus jazz, cozy reading, relaxation music, lounge music, study jazz playlist, background music, instrumental jazz, peaceful jazz, chill jazz, snowy village, work from home, focus music, stress relief, winter music, cafe jazz, reading music, study music, cozy winter ambiance, winter evening jazz, gentle jazz, slow jazz, concentration music, relaxing piano, quiet jazz, atmospheric jazz, serene jazz",en-US,PT1H17S,2025-11-24T09:31:16Z,223897,1390,333734,58,2017-04-10T15:54:14Z
OO2kPK5-qno,UCFHHuuy5uE3S-wJaWoY10mQ,Make you feel positive and peaceful ğŸ€ Lofi Coffee â˜• ~ Lofi Hip Hop - Lofi Music [ Study/ Relax ],https://i.ytimg.com/vi/OO2kPK5-qno/default.jpg,https://i.ytimg.com/vi/OO2kPK5-qno/mqdefault.jpg,"lofi, lofi music, lofi mix, lofi hip hop, study lofi, study music, music, lofi chill, chill, lofi vibes, lofi songs, relaxing, chill music, playlist, sleeping music, sleep, relax, coffee, radio, study, coffee beats, chillhop, mellow, mix, lofi radio, lofi sleep, background music, playlist chill, playlist music, summer music, summer, deep house mix, relaxing sleep music, coffee shop music, heal the soul, coffee shop, Lofi Coffee, Make you feel positive and peaceful",en,P1DT38M38S,2024-05-18T12:00:23Z,10008833,81600,38457011,221,2023-09-11T08:09:11.003664Z
HuFYqnbVbzY,UCSJ4gkVC6NrvII8umztf0Ow,jazz lofi radio ğŸ· beats to chill/study to,https://i.ytimg.com/vi/HuFYqnbVbzY/default_live.jpg,https://i.ytimg.com/vi/HuFYqnbVbzY/mqdefault_live.jpg,"chilledcow, chilled cow, lofi, lofi hiphop, lofi hip hop, lo-fi hiphop, lo fi hip-hop, lofigirl, lofi girl, relaxing beats, beats, chill beats, jazz, jazzy, chill jazz, lofi girl jazz, study jazz, jazz to study, classic jazz, jazz radio, relaxing jazz, coffee jazz, jazz music",en,P0D,2024-11-11T16:03:26Z,15752013,15600000,2470785032,313,2015-03-18T15:36:55Z
BYTxPFj44uo,UCiC2wfbkgr8DU5uOQFz9OrQ,Why the rush? - lo-fi beats for work/study / cat jazz,https://i.ytimg.com/vi/BYTxPFj44uo/default.jpg,https://i.ytimg.com/vi/BYTxPFj44uo/mqdefault.jpg,"lofi, hiphop, chill, beats, playlist, chillhop, relaxingmusic, studybeats, instrumentalmusic, jazzhop, nostalgicvibes, cozybeats, smoothvibes, urbanbeats, soulfulsounds, melancholicmelodies, lofibeats, ambienthiphop, calmingtracks, beatstrumentals, mellowgrooves, vintagevibes, chillvibes, Ghibli, nujabes, common, Jdilla, jdilla instrumental, jazz hiphop, Chill Music",en,PT3H31M19S,2025-04-13T10:40:54Z,2415607,232000,42278186,565,2024-05-21T15:22:40.406155Z
FH0PSm1H4HQ,UCjGfgWqQdf8PA8Iw79efCww,ã€é€”ä¸­åºƒå‘Šãªã—ã€‘ã€ã‚¹ã‚¿ãƒ bgmã€‘ã‚«ãƒ•ã‚§ã®ã‚¯ãƒªã‚¹ãƒã‚¹ã®é›°å›²æ°— - 12æœˆã®ã‚¹ã‚¿ãƒ¼ãƒãƒƒã‚¯ã‚¹ã®ãƒ™ã‚¹ãƒˆã‚¯ãƒªã‚¹ãƒã‚¹ã‚½ãƒ³ã‚°- å†¬ã®æœã®ã‚¸ãƒ£ã‚ºã¯ç–²ã‚Œã‚’ç™’ã—ã€å¿ƒã‚’ãƒªãƒ©ãƒƒã‚¯ã‚¹ã•ã›ã‚‹ - ä»•äº‹ã‚„å‹‰å¼·ã«é›†ä¸­ã™ã‚‹ã€‚,https://i.ytimg.com/vi/FH0PSm1H4HQ/default_live.jpg,https://i.ytimg.com/vi/FH0PSm1H4HQ/mqdefault_live.jpg,"ã‚¹ã‚¿ãƒ¼ãƒãƒƒã‚¯ã‚¹ã®æ›²ã‚’è´ãä½œæ¥­ç”¨bgm, BGM, ã‚¹ã‚¿ãƒBGM, ã‚«ãƒ•ã‚§BGM, ã‚¹ã‚¿ãƒBGM æ—¥æœ¬, ã‚¹ã‚¿ãƒ, ã‚«ãƒ•ã‚§ãƒŸãƒ¥ãƒ¼ã‚¸ãƒƒã‚¯, ã‚¸ãƒ£ã‚º, æ–°ä½œã‚¹ã‚¿ãƒ, å‹‰å¼·BGM, ä»•äº‹ã‚«ãƒ•ã‚§ç”¨BGM, ä»•äº‹ç”¨ã‚¸ãƒ£ã‚ºãƒŸãƒ¥ãƒ¼ã‚¸ãƒƒã‚¯, ä»•äº‹ç”¨ã‚«ãƒ•ã‚§ã‚³ãƒ¼ãƒ’ãƒ¼, ãƒªãƒ©ãƒƒã‚¯ã‚¹BGM, ã‚«ãƒ•ã‚§æœbgm, ã‚¹ã‚¿ãƒ¼ãƒãƒƒã‚¯ã‚¹ãƒŸãƒ¥ãƒ¼ã‚¸ãƒƒã‚¯, æ—¥æœ¬ã‚¹ã‚¿ãƒ¼ãƒãƒƒã‚¯ã‚¹bgm, æ˜¥ã®BGM, æœbgm, ä½œæ¥­ç”¨bgm, ã‚«ãƒ•ã‚§ä½œæ¥­ç”¨bgm, ãƒªãƒ©ãƒƒã‚¯ã‚¹bgm, å‹‰å¼·é›†ä¸­bgm, bgmãƒ•ã‚©ãƒ¼ã‚«ã‚¹, bgm ã‚¸ãƒ£ã‚º, ä½œæ¥­ç”¨bgm ã‚¸ãƒ£ã‚º, ã‚«ãƒ•ã‚§ ä½œæ¥­ç”¨, ã‚¹ã‚¿ãƒã®éŸ³æ¥½, ã‚¹ã‚¿ãƒæ–°ä½œ, ä½œæ¥­ç”¨bgmã‚¸ãƒ£ã‚º, ã‚¹ã‚¿ãƒ éŸ³æ¥½, bgm ã‚«ãƒ•ã‚§, bgm ã‚¯ãƒ©ã‚·ãƒƒã‚¯, bgm ä½œæ¥­ç”¨ ãƒ”ã‚¢ãƒ, starbucks coffee music, jazz music, éŸ³æ¥½, coffee, ç¡çœ ç”¨bgm, bgm å‹‰å¼· é›†ä¸­, ã‚¯ãƒªã‚¹ãƒã‚¹ã‚¸ãƒ£ã‚º, ã‚¯ãƒªã‚¹ãƒã‚¹ã‚½ãƒ³ã‚°, ã‚¯ãƒªã‚¹ãƒã‚¹éŸ³æ¥½, ã‚¸ãƒ£ã‚ºã‚¯ãƒªã‚¹ãƒã‚¹, ã‚¹ã‚¿ãƒ¼ãƒãƒƒã‚¯ã‚¹ã‚¯ãƒªã‚¹ãƒã‚¹, ã‚¯ãƒªã‚¹ãƒã‚¹ã®ãƒ¡ãƒ­ãƒ‡ã‚£ãƒ¼, starbucks, ã‚¯ãƒªã‚¹ãƒã‚¹, starbuck music bgm",ja,P0D,2025-11-03T10:42:33Z,142220,11400,2865996,123,2024-03-29T17:15:02.916808Z
AMcVJmb5mvk,UCkK2B6D3imy6EnpqfrYm-5A,ğğ¥ğšğ²ğ¥ğ¢ğ¬ğ­ 90s Japanese Lofi Hiphop â˜•ï¸Nostalgic Chill Vibes,https://i.ytimg.com/vi/AMcVJmb5mvk/default.jpg,https://i.ytimg.com/vi/AMcVJmb5mvk/mqdefault.jpg,"chill music, japanese chill music, lofi hiphop strem, japanese lofi music, lofi hiphop playlist, japanese playlist, 80s lofi songs, lofi song, music for focus, lofi tokyo",en,PT3H2M18S,2025-04-09T13:15:01Z,1859284,97100,26900127,255,2024-05-24T04:21:50.165934Z
Y2ErodREq5M,UCXr7988rcBc6zgtJTvEffiA,"Gentle New Year Jazz In Warm Coffee Shop | Cozy Jazz & Fireplace For Happy Mood, Happy New Year",https://i.ytimg.com/vi/Y2ErodREq5M/default_live.jpg,https://i.ytimg.com/vi/Y2ErodREq5M/mqdefault_live.jpg,"Relax, Cozy Jazz, Winter Jazz, Peaceful Christmas With Jazz | Smooth Piano Jazz Of Top Christmas Song With Crackle Fireplace, Christmas Jazz, Smooth Piano Jazz",en,P0D,2025-11-21T10:14:25Z,59480,22300,4061902,85,2025-02-05T07:43:52.829504Z
sSmFBQIyXyE,UC44lYkbvNV89fK-ejMA4sAw,"Cozy Coffee Shop on a Rainy Day ğŸ‚ Soft Jazz for Relaxation, Study, Work & Calm Nights #8",https://i.ytimg.com/vi/sSmFBQIyXyE/default.jpg,https://i.ytimg.com/vi/sSmFBQIyXyE/mqdefault.jpg,"relaxing jazz, jazz music, smooth jazz, jazz piano, soft jazz, jazz instrumental, coffee shop ambience, cafe ambience, coffee shop jazz, cafe jazz, cozy ambience, cozy coffee shop, london cafe jazz, rain sounds, rainy jazz, jazz and rain, autumn jazz, fall jazz, autumn ambience, rainy autumn day, work jazz, study jazz, focus music, relax jazz, piano jazz, jazz",en,PT3H14M1S,2025-10-18T04:00:30Z,602639,8280,1988115,92,2025-09-26T14:05:52.416814Z
KjQZ31ghl_M,UCqWvouT4yc3ELM2Qq9Tv1RQ,Cozy Jazz at a Quiet Winter Night Cafe â˜• Gentle Jazz Instrumental for a Relaxing Mood ~ Winter Jazz,https://i.ytimg.com/vi/KjQZ31ghl_M/default.jpg,https://i.ytimg.com/vi/KjQZ31ghl_M/mqdefault.jpg,"jazz for relax, relaxing jazz music, jazz piano music, jazz instrumental music, cafe music, coffee shop music, jazz, best of jazz, relaxing jazz, jazz music, piano jazz, jazz instrumental, jazz relaxing music, smooth jazz, coffee relaxing jazz, relaxing jazz instrumental, instrumental music, smooth jazz music, elegant jazz, sweet jazz, happy jazz, positive jazz, coffee jazz, cozy jazz, quiet winter night cafe, gentle jazz instrumental, relaxing mood, winter jazz",en,PT11H54M56S,2024-12-12T03:59:56Z,2117971,44200,18177001,220,2022-12-15T07:11:51.651737Z
4UtIGfJ1W9s,UCdTSgFVfKZAQivSEX6Z52vA,â€œYou Stole John Wickâ€™s Car... and Killed His Dogâ€ (Full Scene) | John Wick,https://i.ytimg.com/vi/4UtIGfJ1W9s/default.jpg,https://i.ytimg.com/vi/4UtIGfJ1W9s/mqdefault.jpg,"movie clips, clips, movies, HD clips, film clip, film scenes, action scenes, fight scene, john wick fights, john wick scene, john wick edit, john wick fight, john wick clip, john wick fight scene, john wick movies, john wick cuts, john and Iosef scene, Iosef Trasov, keanu reeves, keanu reeves scene, keanu reeves fan, 4K, UHD, UltraHD, HighDefinition, 4KVideo, 4KFootage, 4KClips, 4KContent, 4KExperience, good fortune new movie, keanu reeves good fortune, keanu reeves new movie",en,PT10M1S,2025-11-02T20:00:08Z,8765800,195000,200415911,1080,2023-10-02T16:20:41.897692Z
HF67uRuxxAQ,UC9RjpXPy3WQ0raDhzU5mLeQ,[December Jazz] â˜•â„ï¸ Happy Coffee Music and Smooth Bossa Nova Piano for Good Moods,https://i.ytimg.com/vi/HF67uRuxxAQ/default.jpg,https://i.ytimg.com/vi/HF67uRuxxAQ/mqdefault.jpg,"december jazz, december coffee jazz, smooth bossa nova piano, happy coffee music, winter jazz music, cozy december cafe music, relaxing jazz for study, jazz music for work, soft winter jazz, winter coffee shop ambience, good mood jazz, chill bossa nova jazz, background jazz music, smooth cafe jazz playlist, calm winter jazz, december morning jazz, soft bossa nova for focus, cozy jazzy vibes, relaxing cafe ambience, winter smooth jazz mix, cafe jazz",en,PT3H30M55S,2025-11-30T08:30:29Z,135668,3910,2165229,101,2025-07-01T14:53:21.128189Z
y8JsePh2kjs,UCbsHYIZwk9pZIMp53ciDjOw,Playlist | ë¡œë§¨í‹±í•œ í¬ë¦¬ìŠ¤ë§ˆìŠ¤ ë¶„ìœ„ê¸° ë‚´ê³  ì‹¶ì„ ë•Œâ£ï¸with Jazz | ê²¨ìš¸ì— ë“£ê¸° ì¢‹ì€ í¸ì•ˆí•œ í¬ë¦¬ìŠ¤ë§ˆìŠ¤ ì¬ì¦ˆ ìºë¡¤ğŸ„ğŸ¤ | Warm & Cozy Jazz music,https://i.ytimg.com/vi/y8JsePh2kjs/default.jpg,https://i.ytimg.com/vi/y8JsePh2kjs/mqdefault.jpg,"#Jazz, ê¸°ë¶„ì§¸ì¦ˆë„¤, ê¸°ë¶„ì¬ì¦ˆë„¤, ì¬ì¦ˆë„¤, moodisjazz, ì¬ì¦ˆí”¼ì•„ë…¸, ì¬ì¦ˆë€ë¬´ì—‡ì¸ê°€, ì¬ì¦ˆìŒì•…, ì¬ì¦ˆê°€ë­ë¼ê³ ìƒê°í•˜ì‹­ë‹ˆê¹Œ, ì¬ì¦ˆí”Œë ˆì´ë¦¬ìŠ¤íŠ¸, JAZZNE, ìŒì•…, ì¬ì¦ˆ",ko,PT2H23M36S,2024-12-07T23:50:00Z,3948476,354000,106484752,224,2022-06-26T13:46:31.170279Z
jfKfPfyJRdk,UCSJ4gkVC6NrvII8umztf0Ow,lofi hip hop radio ğŸ“š beats to relax/study to,https://i.ytimg.com/vi/jfKfPfyJRdk/default_live.jpg,https://i.ytimg.com/vi/jfKfPfyJRdk/mqdefault_live.jpg,"lo-fi, lo fi, lofi, lofi hiphop, lo-fi hiphop, lo fi hiphop, hiphop, hip hop, lofi hip hop, lo-fi hip hop, lo fi hip hop, lofi radio, lo-fi radio, lo fi radio, lofi hip hop radio, lo-fi hip hop radio, lo fi hip hop radio, chilledcow, chilled cow, chilledcow radio, chilled cow radio, chilledcow station, lofi radio chilledcow, chillhop, study music, lofi hip hop radio - beats to relax\/study to, beats to relax, music to study, radio, relaxing music, playlist, music",en,P0D,2022-07-12T12:12:29Z,611534442,15600000,2470785032,313,2015-03-18T15:36:55Z
kzY3A75FwDI,UCeVBnXsh1quagEogYlGCwyA,"Warm Winter Coffee Shop â„ï¸ Soft Piano Jazz Music & Fireplace Ambience for Study, Work & Relax",https://i.ytimg.com/vi/kzY3A75FwDI/default.jpg,https://i.ytimg.com/vi/kzY3A75FwDI/mqdefault.jpg,"cozy jazz cafe, coffee shop rain ambience, rainy jazz, autumn jazz music, relaxing rainy day jazz, soft piano jazz, study cafe ambience, relaxing coffee jazz, warm cozy jazz, smooth rainy jazz, cozy coffee shop jazz, rainy day jazz music, study jazz background, peaceful jazz piano, rainy day coffee music, relaxing piano jazz, rain sounds with jazz, jazz for studying and rain, background jazz music, winter fireplace ambience, winter ambience music, cozy winter ambience",en-US,PT3H45M30S,2025-11-23T11:00:19Z,133003,6970,2644718,100,2025-10-07T21:01:02.393013Z
qVU9VKJrCKY,UCbsHYIZwk9pZIMp53ciDjOw,Playlist | í•´í”¼ ì¬ì¦ˆ í¬ë¦¬ìŠ¤ë§ˆìŠ¤ğŸ„ | ë“£ìë§ˆì ê¸°ë¶„ ì¢‹ì•„ì§€ëŠ” ê²½ì¾Œí•œ í…œí¬ ìºë¡¤ ì¬ì¦ˆ â£ï¸ | Happy & Joyful Christmas Jazz music,https://i.ytimg.com/vi/qVU9VKJrCKY/default_live.jpg,https://i.ytimg.com/vi/qVU9VKJrCKY/mqdefault_live.jpg,,ko,P0D,2025-10-31T09:14:46Z,573742,354000,106484752,224,2022-06-26T13:46:31.170279Z
fphiYlSlg_g,UCIBMl8hELWupwafa2cDIHkw,Soft Christmas Jazz Music ğŸ… Cozy Porch Ambience with Fireplace Crackles & Falling Snow for Unwind,https://i.ytimg.com/vi/fphiYlSlg_g/default_live.jpg,https://i.ytimg.com/vi/fphiYlSlg_g/mqdefault_live.jpg,"soft christmas jazz music, cozy christmas ambience, fireplace crackle sounds, christmas jazz music, winter porch ambience, relaxing holiday jazz, fireplace jazz music, holiday relaxation music, smooth jazz christmas, cozy fireplace ambience, christmas night ambience, relaxing winter music, snowy cabin ambience, cozy christmas porch, christmas jazz playlist, cozy christmas vibes, winter night jazz, fireplace and snow ambience, christmas relaxation sounds, velvet jazz notes",en,P0D,2025-11-02T16:45:44Z,473708,20200,11698455,157,2011-04-26T07:39:52Z
2wYtJwDkKIk,UCwtHGEAtOm9Jdd1JwvS67gA,ğŸ”¥ The Best Burning Fireplace: Cozy Crackling Logs and Soothing Glow for Sleep and Relaxation 4K UHD,https://i.ytimg.com/vi/2wYtJwDkKIk/default.jpg,https://i.ytimg.com/vi/2wYtJwDkKIk/mqdefault.jpg,"fireplace 10 hours, fireplace sounds, virtual fireplace, 4k fireplace, christmas fireplace, christmas fire, fireplace christmas, fireplace crackling, fireplace 2160p, fireplace screen, fireplace screen saver, fireplace, fireplace hd 1080p, fireplace on tv, fireplace romantic, fire, logs, burning logs, crackling logs, fireplace burning, fireplace 4K, cozy fireplace, fireplace video, fireplaces, fireplace screensaver, 10 hours video, fireplace video hd, fireplace virtual, ĞºĞ°Ğ¼Ğ¸Ğ½",en,PT3H6S,2024-11-25T06:02:57Z,15452870,204000,172292649,532,2017-05-01T09:06:53Z
qiH74Z5-dO0,UCiC2wfbkgr8DU5uOQFz9OrQ,"I will persist until success.  / Jazzy Lo-fi Beats for Study, Focus",https://i.ytimg.com/vi/qiH74Z5-dO0/default.jpg,https://i.ytimg.com/vi/qiH74Z5-dO0/mqdefault.jpg,"lofi, hiphop, chill, beats, playlist, chillhop, relaxingmusic, studybeats, instrumentalmusic, jazzhop, nostalgicvibes, cozybeats, smoothvibes, urbanbeats, soulfulsounds, melancholicmelodies, lofibeats, ambienthiphop, calmingtracks, beatstrumentals, mellowgrooves, vintagevibes, chillvibes, Ghibli, nujabes, common, Jdilla, jdilla instrumental, jazz hiphop, Chill Music",en,PT3H7M38S,2025-06-21T10:30:45Z,1645621,232000,42278186,565,2024-05-21T15:22:40.406155Z
Ale1MhJPjI4,UCrU-KP9aAjU7q0vL9FPeQEw,Top 100 Christmas Songs of All Time ğŸ… Classic Christmas Music with Fireplace ğŸ… Merry Christmas 2026,https://i.ytimg.com/vi/Ale1MhJPjI4/default.jpg,https://i.ytimg.com/vi/Ale1MhJPjI4/mqdefault.jpg,"fireplace christmas music, christmas songs, christmas music, christmas songs playlist, christmas fireplace, christmas music fireplace, frank sinatra christmas songs, fireplace, christmas, christmas music playlist, yule log christmas music, old christmas songs, michael buble christmas, frank sinatra christmas, christmas song, top 100 christmas songs, christmas carols, relaxing music, classic christmas, christmas oldies, Frank Sinatra, Bing Crosby, Nat King Cole, Dean Martin.",en,PT1H45M28S,2025-12-07T17:00:25Z,244183,9470,7751193,20,2025-10-30T04:19:54.227366Z
0Bp7X-lqU6A,UCZR3-lM6Z-n5_UGHlwx_Rpw,Smooth Christmas Jazz Music for Relaxing ğŸ„ Christmas Coffee Shop Ambience ~ Warm Piano Jazz Music,https://i.ytimg.com/vi/0Bp7X-lqU6A/default.jpg,https://i.ytimg.com/vi/0Bp7X-lqU6A/mqdefault.jpg,"jazz, jazz music, christmas jazz, smooth jazz, relaxing jazz, warm jazz, piano jazz, jazz piano, coffee shop music, coffee shop ambience, coffee shop jazz, jazz coffee shop music, christmas coffee shop, christmas coffee shop ambience, christmas jazz music, smooth jazz music, relaxing jazz music, jazz relaxing music, warm jazz music, piano jazz music, smooth christmas jazz, relaxing christmas jazz, warm christmas jazz, warm piano jazz, christmas ambience, relax jazz cafe",en,PT11H54M58S,2025-12-23T04:03:47Z,123536,201000,68985701,258,2023-05-05T03:50:38.113607Z
KPq93KzP1aY,UCJuMbdKSMThk2RpALASyXVQ,Calm Cafe Christmas Jazz Radio ğŸ„â˜•ï¸ğŸ¦‰ ~ Instrumental Christmas Jazz,https://i.ytimg.com/vi/KPq93KzP1aY/default_live.jpg,https://i.ytimg.com/vi/KPq93KzP1aY/mqdefault_live.jpg,"Calm Cafe Christmas, Christmas Coffee Shop Jazz, Calmed by Nature Christmas, Calm by Nature Jazz, Calm Cafe Jazz Ambience, Coffee Shop, Cozy Christmas Coffee Shop, Christmas Coffee Shop, Calm Christmas Jazz, Relaxing Christmas Jazz",en-US,P0D,2025-11-09T05:49:42Z,284099,754000,182654308,150,2017-01-02T04:17:22Z
JDY_pY9SX8o,UCSo7Wq4VyfW5v1RpMLvWN-g,Christmas Eve Relaxing Music with Snowfall and Crackling Fireplace to Relax and Enjoy the Season,https://i.ytimg.com/vi/JDY_pY9SX8o/default.jpg,https://i.ytimg.com/vi/JDY_pY9SX8o/mqdefault.jpg,"christmas music, relaxing christmas music, peaceful christmas music, instrumental christmas music, christmas songs, xmas song, xmas music, xmas, christmas, christmas ambience, christmas ambient, christmas background music, xmas background music, relaxing music, christmas music 2026, christmas song 2026, heavenly christmas music, christmas background, christmas tree, christmas morning, christmas song, merry christmas, christmas carols, christmas piano, soft piano, relax, sleep",en,PT11H54M10S,2025-12-23T02:53:11Z,6696,70400,18174702,73,2019-06-07T15:59:26Z
oib5IU4yO3k,UCus9qpFJtXYjUlCSs_wrKJA,Peaceful Christmas Music for Relaxation - Relaxing Christmas Ambience - Warm Fireplace and Soft Snow,https://i.ytimg.com/vi/oib5IU4yO3k/default.jpg,https://i.ytimg.com/vi/oib5IU4yO3k/mqdefault.jpg,"fireplace, christmas ambience, christmas fireplace, fireplace christmas music, christmas music fireplace, christmas fireplace music, relaxing christmas music, fireplace christmas, fireplace music, christmas ambience music, fireplace with christmas music, fireplace ambience, christmas ambience fireplace, holiday fireplace, christmas ambiance, beautiful christmas music 2026, instrumental christmas music, cracking fireplace for relaxation, christmas, relaxing, christmas carols, relax",en,PT3H19S,2025-10-31T12:01:49Z,4716853,29100,13447619,250,2024-10-31T12:21:55.322114Z
MKt3sp2R8dk,UCHCyX77xqN9OVjLzMpAZvXw,[Playlist] ì»¤í”¼í–¥ì´ ì†”ì†”~ â˜•ï¸ ìŠ¤íƒ€ë²…ìŠ¤ ì¹´í˜ ë§¤ì¥ ìŒì•… | ì¤‘ê°„ê´‘ê³ ì—†ìŒ | Starbucks Jazz | Relaxing Background Music,https://i.ytimg.com/vi/MKt3sp2R8dk/default.jpg,https://i.ytimg.com/vi/MKt3sp2R8dk/mqdefault.jpg,"jazz, playlist, trio712, ì¬ì¦ˆ, í”Œë ˆì´ë¦¬ìŠ¤íŠ¸, íŠ¸ë¦¬ì˜¤, ì¬ì¦ˆíŠ¸ë¦¬ì˜¤, ì¬ì¦ˆí”Œë ˆì´ë¦¬ìŠ¤íŠ¸, í¸ì•ˆí•œìŒì•…, ì‰¬ìš´ìŒì•…, ì”ì”í•œì¬ì¦ˆ, ì¹´í˜ì¬ì¦ˆ, ì¹´í˜ìŒì•…, ë§¤ì¥ìŒì•…, ë„ì„œê´€, ë…ì„œ, ì¬íƒê·¼ë¬´, ì½”ë”©, relaxing, study, cafe, cozy, music, back ground music, bgm, focus, work, book, ìŠ¤í„°ë²…ìŠ¤, ìŠ¤íƒ€ë²…ìŠ¤, starbucks",ko,PT6H3M44S,2024-08-26T23:45:01Z,1514619,220000,68969393,76,2022-07-30T07:02:48.119544Z
oUOA7YNgypk,UCBnMxlW70f0SB4ZTJx124lw,"ğŸ’™ğ‰ğ€ğ™ğ™ ì— ì·¨í•´ ì‹œì›í•œ ì•„ì´ìŠ¤ì»¤í”¼ í•œì”ğŸ¥¤l ì²­ëŸ‰í•˜ê³  ìƒì¾Œí•œ ì¹´í˜ì¬ì¦ˆí”Œë¦¬ğŸ§ Relaxing Jazz Piano Music for Cafe, Coffee Shop",https://i.ytimg.com/vi/oUOA7YNgypk/default_live.jpg,https://i.ytimg.com/vi/oUOA7YNgypk/mqdefault_live.jpg,"ì¬ì¦ˆí”¼ì•„ë…¸, ì¬ì¦ˆí”Œë ˆì´ë ˆìŠ¤íŠ¸, jazz, jazzmusic, jazzpiano, jazzguitar, jazzpianomusic, cafejazz, cafemusic, cafejazzmusic, cafebgm, cafebgmchannel, ì¹´í˜ìŒì•…, ì¹´í˜ì—ì„œë“£ê¸°ì¢‹ì€ë…¸ë˜, ì¹´í˜ì¬ì¦ˆ, ì¹´í˜ì¬ì¦ˆìŒì•…, ì¹´í˜ì¬ì¦ˆê´‘ê³ ì—†ìŒ, ì¹´í˜ì¬ì¦ˆí”¼ì•„ë…¸, ì¹´í˜ì¬ì¦ˆìŒì•…ëª¨ìŒ, ì¹´í˜ì¬ì¦ˆì‹¤ì‹œê°„, ì¹´í˜ì¬ì¦ˆìŒì•…ê´‘ê³ ì—†ëŠ”, ì¹´í˜ì¬ì¦ˆí”Œë ˆì´ë¦¬ìŠ¤íŠ¸, pianojazz, í”¼ì•„ë…¸ì—°ì£¼ê³¡, í”¼ì•„ë…¸ì—°ì£¼, ëª½í‚¤ë¹„ì§€ì— , monkeybgm, ì¬ì¦ˆë¹„ì§€ì— , cafemusicjazz, ì¬ì¦ˆí”¼ì•„ë…¸ì—°ì£¼ê³¡, relaxingpianomusic, relaxingmusic, relaxingjazz, ë§¤ì¥ì—ì„œë“£ê¸°ì¢‹ì€ìŒì•…, ë§¤ì¥ìŒì•…ê´‘ê³ ì—†ìŒ, backgroundmusic, jazzplaylist, playlist, playlistê´‘ê³ ì—†ëŠ”, ì¬ì¦ˆ, studyjazz, work&studyjazz, ê³µë¶€ì¬ì¦ˆ, ê³µë¶€í• ë•Œë“£ê¸°ì¢‹ì€ì¬ì¦ˆ, ì¼í• ë•Œì¬ì¦ˆ, ì¼í• ë•Œí‹€ì–´ë†“ê¸°ì¢‹ì€ì¬ì¦ˆ, ê²¨ìš¸ì¬ì¦ˆ, ê²¨ìš¸ì¬ì¦ˆí”Œë¦¬, winterjazz, ê²¨ìš¸ì—ë“£ê¸°ì¢‹ì€ìŒì•…, ê²¨ìš¸ì—ë“£ê¸°ì¢‹ì€ì¬ì¦ˆ",ko,P0D,2025-04-02T22:36:27Z,1020710,323000,138348582,429,2020-02-22T04:21:05.330726Z
IUylomBQV9M,UCSLn-1H1xuXzHeCCM3iiMYw,"Bing Crosby, Frank Sinatra, Dean Martin, Gene Autry, Andy Williams, Nat King ColeğŸ„ Golden Christmas",https://i.ytimg.com/vi/IUylomBQV9M/default.jpg,https://i.ytimg.com/vi/IUylomBQV9M/mqdefault.jpg,"golden christmas, bing crosby christmas, frank sinatra holiday, dean martin christmas songs, nat king cole christmas, andy williams christmas, gene autry christmas, classic christmas songs, vintage christmas music, christmas oldies playlist, 1940s christmas music, 1950s christmas songs, christmas crooners, christmas playlist 2025, Bing Crosby, Frank Sinatra, Dean Martin, Gene Autry, Andy Williams, Nat King Cole",en,PT2H4M50S,2025-11-14T11:00:40Z,3532770,11700,5017638,39,2007-11-13T18:56:52Z
SuzmYTFGBuQ,UCWK2EvwgBDSJogxf8tAhuZQ,"Lofi Zen - Kyoto Sake Bar Rain with Lo-fi Chillhop at Night | For Study, Sleep, or Relaxation | 4K",https://i.ytimg.com/vi/SuzmYTFGBuQ/default.jpg,https://i.ytimg.com/vi/SuzmYTFGBuQ/mqdefault.jpg,"lo-fi, lofi, lofi relaxation, lofi chill, lofi hiphop, hiphop chill, lofi girl, lofi hip hop, lofi beats, lofi music, lofi songs, lofi study music, lofi jazz, lofi sleep, lofi asmr, lofi anime, lofi ambience, lofi ambient, lofi anime music, lofi beats to study to, lofi beats chill, lofi background music, lofi beats to sleep to, lofi coffee shop, lofi chill music, lofi ambient music",en,PT3H30M1S,2025-09-22T02:46:05Z,432951,31200,3803958,26,2025-02-06T02:41:02.423602Z
UYwhisrQ-po,UCinqfJ9-v5-HHqTskU2LlIw,Work Lofi for Productivity & Focus - Smooth lofi hiphop/ neo soul beats,https://i.ytimg.com/vi/UYwhisrQ-po/default.jpg,https://i.ytimg.com/vi/UYwhisrQ-po/mqdefault.jpg,"lofi, lofi hip hop, study music, chilled lofi, r&b lofi, r&b, lofi study, lofi to vibe too, lofi to study too, lofi soul, soul lofi, guitar lofi, chill lofi, LOFI, R&B LOFI, R&B, lofi vibes, R&B Vibes, lofi hiphop, rnblofi, neo soul, neo soul instrumental, jazz soul, jazz soul lofi, NEO SOUL LOFI, LOFI HIPHOP, work lofi, lofi work, upbeat lofi, upbeat lofi music, neo soul lofi, lofi neo soul",en,PT3H1S,2024-08-20T12:00:35Z,657652,69600,14020745,141,2023-10-18T17:09:49.410458Z
VlDTMIgGbRo,UCnmGIkw-KdI0W5siakKPKog,I Tested 1-Star Drive Thrus,https://i.ytimg.com/vi/VlDTMIgGbRo/default.jpg,https://i.ytimg.com/vi/VlDTMIgGbRo/mqdefault.jpg,"Ryan, Trahan",en,PT29M48S,2024-03-16T15:00:29Z,37780219,21900000,5468601257,483,2013-10-27T02:06:20Z
2QWVZkuTU4s,UCIB228QNsdJDSX8bocYCZOA,"Sofa Lofi Chillhop ğŸ›‹ï¸ Beats to Study, Relax & Unwind at Night ğŸµ",https://i.ytimg.com/vi/2QWVZkuTU4s/default_live.jpg,https://i.ytimg.com/vi/2QWVZkuTU4s/mqdefault_live.jpg,"lofi, chill, Music, beat, cafe, Work, Study, Coffee, Relax, sleep, jazz, cozy jazz, çˆµå£«, jazz room, cafe bgm, bgm, jazz bgm, cozy playlist, playlist, sleep jazz, cozy list, cozyjazz, jazzplaylist, jazz playlist, ì¬ì¦ˆ, sleepjazz, BGM playlist, cafe playlist, lofi girl, lofi boy, lofi chill, chill girl, cozy lofi, cozymusic, relax chill, chillrelax, Sofa Chillhop, Chillhop, lofihiphop, jazzlofi, backgroundmusic",en,P0D,2025-06-28T11:35:23Z,322136,53700,19066442,118,2024-09-11T07:50:19.609257Z
RuDtrPlo234,UCkyNb_QYo9IJHB4iwzim80g,Soothing Christmas Ambience ğŸ„Instrumental Christmas Music With Fireplace ğŸ”¥ Relaxing Christmas Piano,https://i.ytimg.com/vi/RuDtrPlo234/default_live.jpg,https://i.ytimg.com/vi/RuDtrPlo234/mqdefault_live.jpg,"cozy fireplace, cozy ambience, fireplace ambience, fireplace with piano, autumn ambience, autumn aesthetic, peaceful autumn day, fall relaxation music, calm autumn vibes",en,P0D,2025-12-04T09:52:01Z,63217,2960,875106,161,2025-09-04T10:39:22.21128Z
PoAEzaJPnAo,UCswKKgPnogjihvOuG_i2YVw,Dreamy Winter Porch Ambience (12 HOURS) ğŸ”¥ Fire Sounds for Relaxation & Sleep,https://i.ytimg.com/vi/PoAEzaJPnAo/default_live.jpg,https://i.ytimg.com/vi/PoAEzaJPnAo/mqdefault_live.jpg,"fireplace, asmr, 4k video, relax, study, fire, background video, satisfying video, christmas, campfire, forest, fireplace 4k, autumn ambience, fire background, fireplace ambience, fire sound, fireplace burning, fire place, 4k fireplace, ĞºĞ°Ğ¼Ğ¸Ğ½, fire crackling, visual asmr, on fire, kominek, cozy fall, fall ambience, snowfall, winter, cozy christmas, cozy winter",en,P0D,2025-11-01T16:16:10Z,545049,38800,24750309,923,2023-08-07T13:34:07.485402Z
9F0Kzbni5R0,UCWK2EvwgBDSJogxf8tAhuZQ,Lofi Zen â€“ Nestled Above the City â€“ Rain and Lo-fi Relaxation | Peaceful Urban Ambience | 4K,https://i.ytimg.com/vi/9F0Kzbni5R0/default.jpg,https://i.ytimg.com/vi/9F0Kzbni5R0/mqdefault.jpg,"lo-fi, lofi, lofi relaxation, lofi chill, lofi hiphop, hiphop chill, lofi girl, lofi hip hop, lofi beats, lofi music, lofi songs, lofi study music, lofi jazz, lofi sleep, lofi asmr, lofi anime, lofi ambience, lofi ambient, lofi anime music, lofi beats to study to, lofi beats chill, lofi background music, lofi beats to sleep to, lofi coffee shop, lofi chill music, lofi ambient music",en,PT3H11M41S,2025-06-08T17:38:32Z,679227,31200,3803958,26,2025-02-06T02:41:02.423602Z
THh4fT0O7IY,UCinqfJ9-v5-HHqTskU2LlIw,"Upbeat Lofi - Deep Focus & Energy for Work [R&B, Neo Soul, Lofi Hiphop]",https://i.ytimg.com/vi/THh4fT0O7IY/default.jpg,https://i.ytimg.com/vi/THh4fT0O7IY/mqdefault.jpg,"lofi, lofi hip hop, study music, chilled lofi, r&b lofi, r&b, lofi study, lofi to vibe too, lofi to study too, lofi soul, soul lofi, guitar lofi, chill lofi, LOFI, R&B LOFI, R&B, lofi vibes, R&B Vibes, lofi hiphop, rnblofi, neo soul, neo soul instrumental, jazz soul, jazz soul lofi, NEO SOUL LOFI, LOFI HIPHOP, work lofi, lofi work, upbeat lofi, upbeat lofi music, deep focus music, deep focus lofi",en,PT3H22M29S,2025-02-10T13:00:49Z,2366992,69600,14020745,141,2023-10-18T17:09:49.410458Z
fBUQSyzHOss,UCbsHYIZwk9pZIMp53ciDjOw,Playlist | í•´í”¼ ì¬ì¦ˆ í¬ë¦¬ìŠ¤ë§ˆìŠ¤ğŸ„ | ë“£ìë§ˆì ê¸°ë¶„ ì¢‹ì•„ì§€ëŠ” ê²½ì¾Œí•œ í…œí¬ ìºë¡¤ ì¬ì¦ˆ â£ï¸ | Happy & Joyful Christmas Jazz music,https://i.ytimg.com/vi/fBUQSyzHOss/default.jpg,https://i.ytimg.com/vi/fBUQSyzHOss/mqdefault.jpg,"ê¸°ë¶„ì§¸ì¦ˆë„¤, ê¸°ë¶„ì¬ì¦ˆë„¤, ì¬ì¦ˆë„¤, moodisjazz, ì¬ì¦ˆí”¼ì•„ë…¸, ì¬ì¦ˆë€ë¬´ì—‡ì¸ê°€, ì¬ì¦ˆìŒì•…, ì¬ì¦ˆê°€ë­ë¼ê³ ìƒê°í•˜ì‹­ë‹ˆê¹Œ, ì¬ì¦ˆí”Œë ˆì´ë¦¬ìŠ¤íŠ¸, JAZZNE, ìŒì•…, ì¬ì¦ˆ, jazz, #jazz",ko,PT2H46M57S,2024-12-14T23:50:00Z,1964571,354000,106484752,224,2022-06-26T13:46:31.170279Z
INC2Ylzncv4,UCbsHYIZwk9pZIMp53ciDjOw,"Playlist | ë‚˜ë§Œì˜ í™ˆì¹´í˜ì—ì„œ ì—¬ìœ ë¡­ê²Œ ì¦ê¸°ëŠ” ê°ì„± ì¬ì¦ˆ ğŸ’š | ì ë‹¹íˆ ì‹ ë‚˜ëŠ” ë¦¬ë“¬ì˜ ê°ì„± ì¬ì¦ˆ | ì‘ì—…, ì—…ë¬´, ê³µë¶€ | Fresh Summer Jazz",https://i.ytimg.com/vi/INC2Ylzncv4/default_live.jpg,https://i.ytimg.com/vi/INC2Ylzncv4/mqdefault_live.jpg,"ê¸°ë¶„ì§¸ì¦ˆë„¤, ê¸°ë¶„ì¬ì¦ˆë„¤, ì¬ì¦ˆë„¤, moodisjazz, ì¬ì¦ˆí”¼ì•„ë…¸, ì¬ì¦ˆë€ë¬´ì—‡ì¸ê°€, ì¬ì¦ˆìŒì•…, ì¬ì¦ˆê°€ë­ë¼ê³ ìƒê°í•˜ì‹­ë‹ˆê¹Œ, ì¬ì¦ˆí”Œë ˆì´ë¦¬ìŠ¤íŠ¸, JAZZNE, ìŒì•…, ì¬ì¦ˆ, jazz, #jazz, ê°€ì„, ì¹´í˜, ê°ì„±, ë§ì°¨",ko,P0D,2025-10-13T05:38:32Z,110740,354000,106484752,224,2022-06-26T13:46:31.170279Z
mlZhNZkH48o,UCjmZqHqR_GS0QTKYb3LgRpg,"Frank Sinatra, Nat King Cole, Bing Crosby, Dean Martin ğŸ„ Old Christmas Songs 1960s-70s, 3 Hours Long",https://i.ytimg.com/vi/mlZhNZkH48o/default.jpg,https://i.ytimg.com/vi/mlZhNZkH48o/mqdefault.jpg,"christmas music, frank sinatra christmas, dean martin holiday, vintage christmas songs, christmas carols, timeless christmas, oldies christmas, brenda lee christmas songs, 50s and 60s Holiday, Retro Celebration, Classic Christmas Carols, vintage christmas music, christmas oldies, classic christmas songs, retro christmas playlist, 1940s christmas music, golden oldies christmas, nostalgic christmas songs, vintage holiday music, christmas classics playlist",en,PT3H58M55S,2025-11-25T11:09:56Z,3781004,25000,7428797,36,2023-09-28T05:46:06.484338Z
29tv2UukmiQ,UCHzEWqBZN85eN1ebBGvIAmg,A Very BublÃ© Christmas 2026 ğŸ Best Christmas Songs Ever | 3 Hours of Holiday Classics with Fireplace,https://i.ytimg.com/vi/29tv2UukmiQ/default.jpg,https://i.ytimg.com/vi/29tv2UukmiQ/mqdefault.jpg,,tok,PT3H23M47S,2025-12-08T10:43:24Z,74973,23000,975483,13,2006-12-06T21:22:16Z
9jVykkV6tvQ,UCcVXJ4M2mVEwZQEeJcQMmaQ,Italy CafÃ© | Relaxing Jazz Instrumental Music & Positive Morning Bossa Nova Piano for Work and Study,https://i.ytimg.com/vi/9jVykkV6tvQ/default.jpg,https://i.ytimg.com/vi/9jVykkV6tvQ/mqdefault.jpg,"italy cafÃ©, work jazz, jazz, jazz music, bossa nova, relaxing jazz, instrumental music, positive jazz, morning jazz, bossa nova piano, jazz for work, study jazz, jazz instrumental, bossa nova music, positive jazz music, morning jazz music, jazz cafe, bossa nova jazz, smooth jazz, soft jazz, cat coffee, italy, italy cafe, italy music, italian cafe music, relaxing jazz music, instrumental jazz, italian cafÃ© ambiance, productivity music, italian music, cafe music",en-US,PT11H54M58S,2025-01-14T02:19:51Z,902340,45700,14736079,87,2018-09-21T16:42:43Z
HifzBj05txw,UCgkAYTIZ-rq_GaMma0YoZEg,"Warm Winter Cabin Living Room â„ï¸ Gentle Piano, Snowfall & Fireplace for Relaxation",https://i.ytimg.com/vi/HifzBj05txw/default.jpg,https://i.ytimg.com/vi/HifzBj05txw/mqdefault.jpg,"cozy cabin fireplace for sleep, cozy winter hut ambience for sleep, cozy winter cabin ambience, cozy cabin sleep ambience, fireplace for cozy sleep, cozy winter blizzard for sleep, cozy fireplace ambience fall, cozy winter hut for sleep, cozy winter hut for deep sleep, winter ambience fireplace, winter fireplace ambience, forest cabin ambience, cozy fireplace ambience, cabin fireplace ambience, cozy winter ambience with crackling fire, piano and fireplace ambience",en,PT11H55M,2025-12-23T01:51:52Z,23971,6930,3287800,98,2025-07-24T09:46:26.185924Z
phRZKH1tQsQ,UChHWD7ZuIe-V6Kt1S-znMhA,Lofty Library ğŸ“šï½œSoothing and Relaxing Jazz + Rain Soundsï½œStudy & Work Musicï½œAnimal Crossing Ambience,https://i.ytimg.com/vi/phRZKH1tQsQ/default.jpg,https://i.ytimg.com/vi/phRZKH1tQsQ/mqdefault.jpg,"music, ìŒì•…, ëª¨ë™ìˆ², ëª¨ì—¬ë´ìš”ë™ë¬¼ì˜ìˆ², ë™ë¬¼ì˜ìˆ², í•´í”¼í™ˆ, í•´í”¼í™ˆíŒŒë¼ë‹¤ì´ìŠ¤, ëª¨ë™ìˆ²í•´í”¼í™ˆ, ëª¨ì—¬ë´ìš”ë™ë¬¼ì˜ìˆ²í•´í”¼í™ˆíŒŒë¼ë‹¤ì´ìŠ¤, acnh, animalcrossing, animalcrossingnewhorizon, ã‚ã¤æ£®, ãƒãƒƒãƒ”ãƒ¼ãƒ›ãƒ¼ãƒ ãƒ‘ãƒ©ãƒ€ã‚¤ã‚¹, ãƒãƒ”ãƒ‘ãƒ©, happyhomeparadise, happyhome, acnhhappyhome, ë°°ê²½ìŒì•…, BGM, ë¸Œê¸ˆ, ê³µë¶€ìŒì•…, studymusic, workmusic, ì—…ë¬´ìŒì•…, ã‚ã¤ã¾ã‚Œ ã©ã†ã¶ã¤ã®æ£®, Jazz, relaxingjazz, soothingjazz, jazzmusic, animalcrossingjazz, ì¬ì¦ˆ, ì¬ì¦ˆìŒì•…, ì¹´í˜ì¬ì¦ˆ, ê³µë¶€ì¬ì¦ˆ, studyjazz",en,PT2H58M13S,2024-11-21T14:00:58Z,5045646,65500,12961524,36,2021-08-09T22:28:54.102014Z
0HDuzhQOhuM,UCD8bOIhcyzSYAwXHVA2ZhHA,Deep Work Music for Intense Focus | Relaxing Study Beats & Concentration Sounds,https://i.ytimg.com/vi/0HDuzhQOhuM/default.jpg,https://i.ytimg.com/vi/0HDuzhQOhuM/mqdefault.jpg,"deep work music, focus music, relaxing study beats, concentration sounds, intense focus, productivity music, study music, work music, ambient focus, instrumental, brain power, tranquil, serene, calm, background music, effective study, lo-fi work, peaceful focus, meditation music, mindful, stress relief, creative work, chill beats, study session, no lyrics, deep concentration, immersive sound, serene ambiance, workspace music, mental clarity",en,PT2H6M2S,2025-09-22T23:31:16Z,1220457,17700,4605754,56,2015-06-26T12:20:00Z
ZrntjQarTQc,UCZR3-lM6Z-n5_UGHlwx_Rpw,Christmas Jazz Music ğŸ„ Relaxing Winter Night with Warm Jazz Music at Christmas Coffee Shop Ambience,https://i.ytimg.com/vi/ZrntjQarTQc/default.jpg,https://i.ytimg.com/vi/ZrntjQarTQc/mqdefault.jpg,"jazz, jazz music, christmas jazz, relaxing jazz, winter jazz, night jazz, warm jazz, coffee shop music, coffee shop ambience, coffee shop jazz, christmas coffee shop, christmas jazz music, relaxing jazz music, jazz relaxing music, winter jazz music, night jazz music, warm jazz music, relaxing winter jazz, relaxing christmas jazz, warm christmas jazz, warm winter jazz, winter night jazz, christmas night jazz, christmas ambience, winter ambience, relax jazz cafe",en,PT11H55M,2025-12-08T02:39:00Z,147713,201000,68985701,258,2023-05-05T03:50:38.113607Z
lryTH-O0oFc,UCJ_e1WCOrNY9XY6U7IZjwTw,"Warm Fireplace Ambience | Relaxing Piano Jazz Music & Cozy Christmas Cabin for Focus, Reading, Calm",https://i.ytimg.com/vi/lryTH-O0oFc/default.jpg,https://i.ytimg.com/vi/lryTH-O0oFc/mqdefault.jpg,"christmas jazz, fireplace ambience, winter jazz piano, light rain sounds, cozy fireplace, relaxing jazz music, bright jazz piano, calm winter vibes, jazz for relaxation, winter ambience, peaceful jazz piano, study jazz music, cozy winter mood, fireplace sounds, relaxing background music, jazz for work, snowy day jazz, cozy fireplace ambience, chill jazz piano, Warm Fireplace Ambience, Relaxing Piano Jazz Music, jazz music, fireplace, Cozy Christmas Cabin",en-US,PT40M36S,2025-11-20T14:30:06Z,182968,2250,767178,48,2025-07-28T14:27:23.230731Z
ZOJep9O6tmg,UC_nrEDtq-0OQEVupubH_QuQ,Man spent 60 Days Building a Hidden Bunker in the Forest | Start to Finish,https://i.ytimg.com/vi/ZOJep9O6tmg/default.jpg,https://i.ytimg.com/vi/ZOJep9O6tmg/mqdefault.jpg,,en,PT40M6S,2025-10-16T13:45:06Z,2983507,762000,166915528,117,2020-12-04T06:13:46.713113Z
QJ7OeIrc6Y0,UCxGqSNEPaR62pgyGbsRoS2A,Warm Fall Afternoon Lofi â˜• Focus & Study Beats â€“ Autumn Leaves Background,https://i.ytimg.com/vi/QJ7OeIrc6Y0/default.jpg,https://i.ytimg.com/vi/QJ7OeIrc6Y0/mqdefault.jpg,"lofi beats, autumn lofi, chill lofi, cozy lofi beats, fall lofi vibes, relaxing study music, lofi hip hop mix, focus music, lofi for studying, chill study music, warm autumn lofi, cozy coffee shop lofi, relaxing lofi hip hop, lofi chill mix, calm beats, study session music, autumn leaves ambience, cozy fall vibes, lofi mix 2025, chillhop, lofi work music, relaxing lofi beats, peaceful background music, lofi cafe, coffee shop lofi, fall study mix",en-US,PT3H2M52S,2025-10-28T23:00:05Z,73783,552,116903,242,2023-02-12T09:24:34.902711Z
8wv3JJNc-h4,UCdqp0KK_Io7TwK5cJMBvB0Q,Whistlindiesel Cheap Truck Challenge (Cummins vs Duramax vs Powerstroke),https://i.ytimg.com/vi/8wv3JJNc-h4/default.jpg,https://i.ytimg.com/vi/8wv3JJNc-h4/mqdefault.jpg,,en,PT46M15S,2025-11-27T20:39:43Z,7633511,10300000,1784847270,304,2015-01-07T02:26:22Z
ehZEFJ9GwPU,UCsWIL1Hm87hI38nazLthGRw,"Top 40 Songs This Week 2025ğŸ§Best Weekly Hits | Bruno Mars, Dua Lipa, Rihanna, Lady Gaga, Ed Sheeran",https://i.ytimg.com/vi/ehZEFJ9GwPU/default.jpg,https://i.ytimg.com/vi/ehZEFJ9GwPU/mqdefault.jpg,"top 40 songs 2025, best songs this week 2025, weekly music chart, trending songs 2025, bruno mars 2025, dua lipa 2025, rihanna 2025, lady gaga 2025, ed sheeran 2025, pop hits 2025, billboard top 40 2025, music playlist 2025, top songs april 2025, new hits 2025, spotify chart 2025, trending tiktok songs 2025, viral music 2025, youtube music 2025, global hits 2025",en-US,PT1H16M28S,2025-04-22T17:00:06Z,4458926,9870,4492964,11,2021-08-18T07:15:57.984874Z
vI1jZh1TCdI,UCSo7Wq4VyfW5v1RpMLvWN-g,"Relaxing Christmas Music by the Fireplace and Snowfall - Cozy Christmas Cabin to Relax, Sleep",https://i.ytimg.com/vi/vI1jZh1TCdI/default_live.jpg,https://i.ytimg.com/vi/vI1jZh1TCdI/mqdefault_live.jpg,"christmas music, relaxing christmas music, peaceful christmas music, instrumental christmas music, christmas songs, xmas song, xmas music, xmas, christmas, christmas ambience, christmas ambient, christmas background music, xmas background music, relaxing music, christmas music 2026, christmas song 2026, heavenly christmas music, christmas background, christmas tree, christmas morning, christmas song, merry christmas, christmas carols, christmas piano, soft piano, relax, sleep",en,P0D,2025-10-25T22:28:05Z,817786,70400,18174702,73,2019-06-07T15:59:26Z
5ipgkb0mHnE,UCbsHYIZwk9pZIMp53ciDjOw,"Playlist | ë“£ê¸°ë§Œ í•´ë„ ì„¤ë ˆëŠ”, í¬ë¦¬ìŠ¤ë§ˆìŠ¤ ì¬ì¦ˆğŸ… | Christmas Jazz Playlist",https://i.ytimg.com/vi/5ipgkb0mHnE/default_live.jpg,https://i.ytimg.com/vi/5ipgkb0mHnE/mqdefault_live.jpg,"ê¸°ë¶„ì§¸ì¦ˆë„¤, ê¸°ë¶„ì¬ì¦ˆë„¤, ì¬ì¦ˆë„¤, moodisjazz, ì¬ì¦ˆí”¼ì•„ë…¸, ì¬ì¦ˆë€ë¬´ì—‡ì¸ê°€, ì¬ì¦ˆìŒì•…, ì¬ì¦ˆê°€ë­ë¼ê³ ìƒê°í•˜ì‹­ë‹ˆê¹Œ, ì¬ì¦ˆí”Œë ˆì´ë¦¬ìŠ¤íŠ¸, JAZZNE, ìŒì•…, ì¬ì¦ˆ, jazz, #jazz",ko,P0D,2025-09-16T08:41:16Z,1082230,354000,106484752,224,2022-06-26T13:46:31.170279Z
XhEOeIzpu3o,UC5Sl4VbJELXi9SCaWbTdXfA,"Warm Crackling Fireplace & Cozy Instrumental Jazz Music in Coffee Shop Ambience to Work, Study,Sleep",https://i.ytimg.com/vi/XhEOeIzpu3o/default_live.jpg,https://i.ytimg.com/vi/XhEOeIzpu3o/mqdefault_live.jpg,"coffee shop ambience, jazz for relax, relaxing jazz music, jazz piano music, jazz instrumental music, coffee shop music, best of jazz, relaxing jazz, jazz music, jazz instrumental, jazz relaxing music, coffee relaxing jazz, smooth jazz instrumental, cozy coffee shop ambience, smooth jazz instrumental music, instrumental music relaxing, coffee jazz, jazz 2024, jazz cafe ambience, Warm Crackling Fireplace, Cozy Instrumental Jazz Music",en,P0D,2024-01-15T02:36:41Z,820784,150000,31579770,261,2021-12-07T04:29:19.026962Z
8hvbcAvkuJs,UCfpCQ89W9wjkHc8J_6eTbBg,Camping on Frozen Ocean - 6 Days Fishing for King Crab & Hunting Ptarmigan,https://i.ytimg.com/vi/8hvbcAvkuJs/default.jpg,https://i.ytimg.com/vi/8hvbcAvkuJs/mqdefault.jpg,"Alaska, camping, winter, hunting, fishing, crabbing, fishing for crab, king crab, winter camping, solo camping, travel vlog, hot tent camping, cold weather camping, camping in Alaska, extreme camping, backcountry camping, ice fishing, wild camping, catch crab through the ice, Nome Alaska, Nome, hunting ptarmigan, bird hunting, hunting and fishing Alaska, solo winter camping, camp catch cook",en,PT50M21S,2025-03-22T11:00:10Z,25674312,18600000,3222531756,493,2015-05-05T00:34:51Z
WZ_XaNVTHYY,UCa5OF9Vmu7Bvtb8ZsVUU34w,Night Jazz Sleep - Smooth Piano Jazz Instrumental Music - Relaxing Background Music for Deep Sleep,https://i.ytimg.com/vi/WZ_XaNVTHYY/default_live.jpg,https://i.ytimg.com/vi/WZ_XaNVTHYY/mqdefault_live.jpg,"Jazz, Instrumental jazz, night jazz, sleep jazz, sleep music, relaxing sleep, relaxing jazz music, jazz asmr night, elegant jazz, smooth jazz, tender piano jazz, ethereal jazz music, soft background music, piano jazz music, soothing relaxation, relaxing piano music, peaceful music, exquisite jazz, cozy jazz, warm piano jazz, BMG, elegant piano jazz, work jazz, study jazz, spring jazz night, chill jazz, comfort piano jazz, beautiful jazz, calm jazz, focus jazz",en,P0D,2024-03-05T18:12:01Z,4054613,238000,62986606,237,2022-08-19T07:59:16.508177Z
SA_0cZ3Lsa4,UCbsHYIZwk9pZIMp53ciDjOw,"Playlist | ì–´ì„œì˜¤ì„¸ìš”â£ï¸ë“£ê¸°ë§Œ í•´ë„ ê¸°ë¶„ ì¢‹ì•„ì§€ëŠ” ì¬ì¦ˆê°€ íë¥´ëŠ” ë‰´ìš•ìœ¼ë¡œğŸ—½l Relaxing Jazz Music For Work, Study",https://i.ytimg.com/vi/SA_0cZ3Lsa4/default.jpg,https://i.ytimg.com/vi/SA_0cZ3Lsa4/mqdefault.jpg,,ko,PT10H19M32S,2024-04-20T23:50:00Z,1513394,354000,106484752,224,2022-06-26T13:46:31.170279Z
A3Lrk5NPjjU,UCgb_cfsnHiDhtiBQ6ezS22Q,Cozy Christmas Ambience  â„ï¸ Relaxing Music on a Snowy Day with Fireplace Sounds ğŸ”¥,https://i.ytimg.com/vi/A3Lrk5NPjjU/default.jpg,https://i.ytimg.com/vi/A3Lrk5NPjjU/mqdefault.jpg,"cozy Christmas ambience, snowy day, fireplace sounds, holiday relaxation, Christmas atmosphere, winter vibes, peaceful Christmas, soothing sounds, cozy fireplace, winter wonderland, holiday spirit, tranquil music, relaxing holiday music, Christmas decorations, calming sounds, cozy vibes, festive ambiance, warm and cozy, Christmas joy, serene winter, nature sounds, comforting atmosphere, holiday season, winter relaxation, 4k fireplace, Calm Christmas Melody",en-US,PT53M29S,2024-12-11T00:33:11Z,925567,10900,4670605,172,2024-10-11T12:53:22.965197Z
T8mZmp2fBtM,UCus9qpFJtXYjUlCSs_wrKJA,ğŸ”¥Cozy Christmas Cabin 24/7ğŸ‰Instrumental Happy New Year & Christmas Music With Fireplace for Relaxing,https://i.ytimg.com/vi/T8mZmp2fBtM/default_live.jpg,https://i.ytimg.com/vi/T8mZmp2fBtM/mqdefault_live.jpg,"fireplace, christmas ambience, christmas fireplace, fireplace christmas music, christmas music fireplace, relaxing christmas music, fireplace music, christmas ambience music, fireplace with christmas music, fireplace ambience, christmas ambience fireplace, holiday fireplace, beautiful christmas music 2026, instrumental christmas music, cracking fireplace for relaxation, christmas, relaxing, christmas carols, happy new year, new year playlist, happy new year 2026, new year music",en,P0D,2025-12-16T11:04:03Z,1658655,29100,13447619,250,2024-10-31T12:21:55.322114Z
RFWXQobZ1ts,UC5g89claiIMEQPGsd2mx9lA,"Christmas Jazz Instrumental & Fireplace SoundsğŸ„Jazz Music in Cozy Christmas Ambience to Work, Study",https://i.ytimg.com/vi/RFWXQobZ1ts/default_live.jpg,https://i.ytimg.com/vi/RFWXQobZ1ts/mqdefault_live.jpg,"christmas jazz instrumental music, christmas jazz music, christmas jazz, christmas jazz instrumental, jazz christmas, christmas jazz 2025, cozy christmas jazz, fireplace sounds, crackling fireplace, fireplace ambience, jazz music, cozy ambience, cozy christmas ambience, christmas ambience, winter ambience, cozy winter ambience, snow ambience, cozy winter cabin ambience, cozy place, cozy cabin, cozy cabin ambience, cozy reading nook ambience, reading nook, cozy nook",en,P0D,2024-11-26T10:15:02Z,2829025,30600,14524422,272,2024-07-18T07:46:48.442589Z
sF80I-TQiW0,UCuS_-bvOCh4W5Sy11Uf4H5A,90's Chill Lofi â˜•ï¸ Study Music Lofi Rain Chillhop Beats â˜”ï¸ Lofi Rain Playlist,https://i.ytimg.com/vi/sF80I-TQiW0/default.jpg,https://i.ytimg.com/vi/sF80I-TQiW0/mqdefault.jpg,"lofi hip hop, chill lofi, lofi chill, lofi beats, chill beats, lofi, chill lofi beats, lofi music, study lofi, chill music, lofi radio, lofi hip hop mix, lofi mix, lofi hiphop, lofi vibes, chill, focus music, music for reading, asmr lofi, lofi asmr, calm your anxiety, lofi rain, rain lofi, spRerxsOLXk, R6f9LfjeZIs, 1980s Lofi City, chillhop, rainy, lofi study, lofi hip hop radio, study music, lofi city, 1980s, 90's chill lofi, 90's lo-fi chillout",en,PT11H53M45S,2024-06-04T05:02:38Z,18979948,76000,38115178,745,2023-11-30T15:01:07.519598Z
fTb6yJ7AlT8,UC5Sl4VbJELXi9SCaWbTdXfA,"â˜•Warm Relaxing Jazz Music with Cozy Coffee Shop for Working, Studying, Sleeping",https://i.ytimg.com/vi/fTb6yJ7AlT8/default_live.jpg,https://i.ytimg.com/vi/fTb6yJ7AlT8/mqdefault_live.jpg,"night jazz, smooth jazz, sleeping jazz, warm relaxing jazz music, jazz music, relaxing jazz, coffee shop ambience, cozy coffee shop, cozy coffee shop ambience, studying, jazz cafe ambience, late night jazz, jazz music coffee, jazz relaxing music, cozy jazz, night jazz music, coffee jazz, cafe jazz, jazz, warm jazz, relaxing jazz music, coffee shop, winter jazz, jazz 2024",en,P0D,2023-12-27T02:27:50Z,7005403,150000,31579770,261,2021-12-07T04:29:19.026962Z
mqEWhi-7LDE,UCWNV-B3lVQt9lNZ4gOQBcNg,"Mariah Carey, Ariana Grande, Justin Bieber ğŸ„  Christmas Songs of All Time ğŸ… Best Christmas 2026",https://i.ytimg.com/vi/mqEWhi-7LDE/default.jpg,https://i.ytimg.com/vi/mqEWhi-7LDE/mqdefault.jpg,"christmas songs, christmas playlist, christmas song, top christmas music, top christmas songs of all time, best christmas songs of all time, top christmas, top christmas songs, christmas music, top 100 christmas songs of all time, christmas songs playlist, best christmas songs, top christmas song, All I want for Christmas is you, Jingle Bell, Last Christmas, Jingle Bell Rock, Mariah Carey, Justin Bieber, merry christmas, christmas songs medley, Ariana Grande, Taylor Swift",aa,PT1H26M8S,2025-12-05T13:01:42Z,2714630,6700,7269791,61,2025-06-30T14:41:48.862134Z
FI46ngRACxo,UCHpRn8tUu-kg9u0AD61lP2A,Instrumental Christmas Music With Fireplace ğŸ”¥ Relaxing Christmas Music ğŸ„ Soothing Christmas Ambience,https://i.ytimg.com/vi/FI46ngRACxo/default_live.jpg,https://i.ytimg.com/vi/FI46ngRACxo/mqdefault_live.jpg,"christmas music, relaxing christmas music, instrumental christmas music, christmas ambience, christmas ambient, xmas background music, relaxing music, christmas music 2026, christmas song 2026, christmas tree, merry christmas, christmas piano, soft piano, christmas playlist, christmas fireplace, christma music fireplace, christmas piano fireplace, christmas instrumental fireplace, cozy christmas music, christmas ambient music, christmas background, christmas piano music",en,P0D,2025-12-02T11:02:31Z,289865,2100,1216010,56,2025-10-02T11:16:56.820717Z
ivdPyFUPbAk,UCb08iyNkj17w1kNVHUBiACA,4 Hours Deep Focus | 50/10 Pomodoro (Lofi Study and Work),https://i.ytimg.com/vi/ivdPyFUPbAk/default.jpg,https://i.ytimg.com/vi/ivdPyFUPbAk/mqdefault.jpg,,en,PT4H1M17S,2025-10-06T09:30:35Z,482809,48600,4647693,37,2020-08-18T18:55:39.394235Z
8UI0LSy1ksg,UCCBinmRArKAxbhq5TZ0PmAQ,Soothing Christmas Ambience ğŸ„Instrumental Christmas Music With Fireplace & Relaxing Piano Music,https://i.ytimg.com/vi/8UI0LSy1ksg/default.jpg,https://i.ytimg.com/vi/8UI0LSy1ksg/mqdefault.jpg,"fireplace dreams, christmas music, relaxing christmas music, instrumental christmas music, christmas, christmas ambience, christmas ambient, christmas background music, relaxing music, christmas background, christmas piano, soft piano, relax, christmas fireplace, soft piano music, fireplace, relaxing christmas ambience, fireplace crackles, holiday ambience, fireplace sounds, fireplace snowfall, peaceful christmas night, peaceful christmas music, snowfall, snowfall ambience",en-US,PT3H14M38S,2025-12-02T11:30:08Z,661456,13100,10123263,43,2008-07-10T23:34:58Z
7of0FOINeyA,UC3rnEa4kVvpuhXGZVC4jqjA,cozy and warm,https://i.ytimg.com/vi/7of0FOINeyA/default.jpg,https://i.ytimg.com/vi/7of0FOINeyA/mqdefault.jpg,"jazz, playlist, ì¬ì¦ˆ, í”Œë ˆì´ë¦¬ìŠ¤íŠ¸, 1940s, oldies lofi jazz, lofi girl, jazz music, relaxing music, piano, cozy, sleep, study, music, songs, lofi jazz, piano jazz, backgroundmusic, morning jazz, vintage, christmas, carol song, Nemo's Dreamscapes, snoopy jazz, friends, 1940s oldies music playing in another room, relaxing background music, 1940s vintage jazz, Morning Jazz with Snoopy, 4K Cozy Coffee Shop with Smooth Piano Jazz Music for Relaxing, Top hits 2025, Disney, MONKEY BGM, christmas songs",en-US,PT3H32M31S,2025-11-05T11:00:15Z,126573,26300,2116013,61,2025-09-01T05:47:59.185664Z
ryujcM0NSG4,UClsVIN4JBhcursJgwXCa8uQ,Winter Coffee Shop Relaxing Ambience â„ï¸â˜• & Crackles Fireplace Sound for Relax & Work,https://i.ytimg.com/vi/ryujcM0NSG4/default_live.jpg,https://i.ytimg.com/vi/ryujcM0NSG4/mqdefault_live.jpg,,en,P0D,2025-12-16T10:04:12Z,31491,2420,829669,19,2025-10-22T12:32:43.005011Z
ogxHV2lmhJU,UCbsHYIZwk9pZIMp53ciDjOw,"Playlist | ì—¬ë¦„ ì¹´í˜ ì¬ì¦ˆë¡œ ê¸°ë¶„ UP í…ì…˜ UP â˜•ğŸ’•Â | ì‹ ë‚˜ëŠ” ë¦¬ë“¬ê°ì˜ Coolí•˜ê³  ìƒì¾Œí•œ ì¹´í˜ ìŒì•… | ì‘ì—…, ì§‘ì¤‘, ê³µë¶€ âœï¸Â | Cafe Jazz Music",https://i.ytimg.com/vi/ogxHV2lmhJU/default.jpg,https://i.ytimg.com/vi/ogxHV2lmhJU/mqdefault.jpg,"ê¸°ë¶„ì§¸ì¦ˆë„¤, ê¸°ë¶„ì¬ì¦ˆë„¤, ì¬ì¦ˆë„¤, moodisjazz, ì¬ì¦ˆí”¼ì•„ë…¸, ì¬ì¦ˆë€ë¬´ì—‡ì¸ê°€, ì¬ì¦ˆìŒì•…, ì¬ì¦ˆê°€ë­ë¼ê³ ìƒê°í•˜ì‹­ë‹ˆê¹Œ, ì¬ì¦ˆí”Œë ˆì´ë¦¬ìŠ¤íŠ¸, JAZZNE, ìŒì•…, ì¬ì¦ˆ, jazz, #jazz",ko,PT3H18S,2025-05-24T23:50:00Z,625726,354000,106484752,224,2022-06-26T13:46:31.170279Z
oYoXxPCQsoM,UCaz39nABFwMc3hK_ZyoWrIg,"Relaxing Piano and Soft Rain - Healing Sleep Music for Insomnia and Deep Rest, Stress Relief",https://i.ytimg.com/vi/oYoXxPCQsoM/default.jpg,https://i.ytimg.com/vi/oYoXxPCQsoM/mqdefault.jpg,"deep sleep music, meditation music, music for sleep, music therapy, piano music, relaxing music, relaxing sleep music, sleep music, gentle rain, rain sounds, soft rain sounds, rain sounds for sleeping, warm room, deep sleep, peaceful music, heavy rain, calm music, sleep sounds, rain ambience, rain and piano, rainy day, soothing music, relaxing rain, rain forest, stress relief, rain on window, sleeping music, Japanese house rain, serene rainy sleep music, cozy room",en,PT3H3M51S,2025-08-29T21:00:06Z,1417959,29300,11575327,213,2024-11-26T14:08:32.678898Z
nv_2rz5BFDA,UCbIMs1cJMngsMrcSgbXw1vQ,Just Thinking...Retro Jazz,https://i.ytimg.com/vi/nv_2rz5BFDA/default.jpg,https://i.ytimg.com/vi/nv_2rz5BFDA/mqdefault.jpg,,en,PT2H54M1S,2025-07-04T11:10:56Z,4886276,115000,15893315,169,2025-06-27T05:03:22.250769Z
kszQ_pb1lU8,UCb1ANUIW7arUUDI-Mwz65rw,Fireplace Christmas Piano Music | Radio,https://i.ytimg.com/vi/kszQ_pb1lU8/default_live.jpg,https://i.ytimg.com/vi/kszQ_pb1lU8/mqdefault_live.jpg,"christmas, ocb relax, ocb relax music, christmas music, christmas songs, instrumental christmas music, instrumental, beautiful, relaxing, traditional, holidays, traditional christmas music, piano music, fireplace, fire place, Auld Lang Syne, Hark The Herald Angels Sing, O Christmas Tree, O Come All Ye Faithful, O Holy Night, Silent Night, The First Noel, We Wish You a Merry Christmas, soothing music, relaxing music, playlist, music for stress relief, sleep music, peaceful music",en-US,P0D,2021-12-04T16:11:46Z,10749236,930000,460052724,521,2009-11-20T12:11:39Z
JElyhCKzhWI,UC0nhLOlJnqSlSHhPc2Iea4A,vintage jazz on a rainy 1940s night | cozy ambience to relax,https://i.ytimg.com/vi/JElyhCKzhWI/default.jpg,https://i.ytimg.com/vi/JElyhCKzhWI/mqdefault.jpg,"vintage music, music from another room, music in another room, oldies playing in the other room and it's raining, old music playing in another room, oldies sleep music, vintage ambiance, vintage music playing in another room, music playing in another room, jazz playing in another room, vintage oldies, jazz playing in another room and it's raining, lepreezy, 1940s cozy vintage oldies, jazz, vintage jazz, oldies music, oldies playing in another room, jazz rain, jazz relaxing music",en,PT3H9M58S,2025-06-28T14:10:32Z,3359270,278000,46302980,141,2019-04-01T10:38:46Z
Jk1sbFqxkFM,UC5OStgYPn8_UbILMFNFF_-w,ğ—£ğ—¹ğ—®ğ˜†ğ—¹ğ—¶ğ˜€ğ˜ | í¬ë¦¬ìŠ¤ë§ˆìŠ¤ê°€ ë‹¤ê°€ì˜¤ê³  ìˆì–´ìš”â—ğŸ„ğŸ„ | í¬ë¦¬ìŠ¤ë§ˆìŠ¤ ì¬ì¦ˆ í”Œë¦¬ | #NoAImusic | Christmas Jazz,https://i.ytimg.com/vi/Jk1sbFqxkFM/default_live.jpg,https://i.ytimg.com/vi/Jk1sbFqxkFM/mqdefault_live.jpg,"ì¬ì¦ˆ, í”Œë ˆì´ë¦¬ìŠ¤íŠ¸, ì¬ì¦ˆí”Œë ˆì´ë¦¬ìŠ¤íŠ¸, í”Œë¦¬, jazz, playlist, jazzplaylist, BGM, í¬ë¦¬ìŠ¤ë§ˆìŠ¤, Christmas, ã‚¯ãƒªã‚¹ãƒã‚¹, í¬ë¦¬ìŠ¤ë§ˆìŠ¤ ì¬ì¦ˆ, Christmas Jazz, ã‚¯ãƒªã‚¹ãƒã‚¹ã‚¸ãƒ£ã‚º, í¬ë¦¬ìŠ¤ë§ˆìŠ¤ ìºë¡¤, Christmas Carol, ã‚¯ãƒªã‚¹ãƒã‚¹ã‚­ãƒ£ãƒ­, ìºë¡¤, Carol, Jazz, ã‚¸ãƒ£ã‚º",ko,P0D,2025-11-09T14:38:57Z,50578,236000,30291277,101,2022-07-17T19:08:49.337309Z
G6M5Upcrwf8,UCpk-H9G8HPq6DAJiwuhCugw,Relaxing Music for Stress Relief - Heal Mind â€¢ Anxiety and Depressive States,https://i.ytimg.com/vi/G6M5Upcrwf8/default_live.jpg,https://i.ytimg.com/vi/G6M5Upcrwf8/mqdefault_live.jpg,"water sounds, water soudns, water sound, sound of water, music, relaxing, healing, sleep, meditation, spa, yoga, massage, water sound music, waterfall sounds, water sound for sleep, relaxing water sounds, piano music, music for sleep, music for meditation, water sound for meditation, piano music water, relaxing music, healing music, sleep music, sleeping music, calming music, calm, soothing music",en,P0D,2024-07-07T12:54:47Z,3847012,367000,127817107,779,2022-11-13T00:33:33.171915Z
zw3R5x3BpO8,UCa8uIf1mePRF34SyGPejoAg,"ğŸ„ Cozy Christmas Cabin Jazz (NO MID-ROLL ADS) â€“ Fireplace Ambience for Relaxing, Study & Work",https://i.ytimg.com/vi/zw3R5x3BpO8/default.jpg,https://i.ytimg.com/vi/zw3R5x3BpO8/mqdefault.jpg,"warm winter jazz, cozy fireplace jazz, snowy ambience jazz, relaxing jazz music, winter coffee shop jazz, christmas jazz instrumental, smooth jazz for study, jazz for work and relaxation, cozy winter background music, jazz for snowy days, winter lounge jazz, no ads, chill winter vibes, holiday jazz mix, peaceful instrumental jazz",en,PT4H27M33S,2025-12-01T12:02:09Z,440522,17000,8778790,201,2024-12-09T12:12:03.820995Z
yG-HHGR-NQ4,UC5OStgYPn8_UbILMFNFF_-w,ğ—£ğ—¹ğ—®ğ˜†ğ—¹ğ—¶ğ˜€ğ˜ | í–‰ë³µí•œ ì—°ë§ ë˜ì„¸ìš”..ğŸ™‚ ë©”ë¦¬ë©”ë¦¬ í¬ë¦¬ìŠ¤ë§ˆìŠ¤ ì¬ì¦ˆğŸº | #NoAImusic | Christmas Jazz [playlist],https://i.ytimg.com/vi/yG-HHGR-NQ4/default_live.jpg,https://i.ytimg.com/vi/yG-HHGR-NQ4/mqdefault_live.jpg,"ì¬ì¦ˆ, í”Œë ˆì´ë¦¬ìŠ¤íŠ¸, ì¬ì¦ˆí”Œë ˆì´ë¦¬ìŠ¤íŠ¸, í”Œë¦¬, jazz, playlist, jazzplaylist, BGM, í¬ë¦¬ìŠ¤ë§ˆìŠ¤, Christmas, ã‚¯ãƒªã‚¹ãƒã‚¹, í¬ë¦¬ìŠ¤ë§ˆìŠ¤ ì¬ì¦ˆ, Christmas Jazz, ã‚¯ãƒªã‚¹ãƒã‚¹ã‚¸ãƒ£ã‚º",ko,P0D,2025-12-16T14:28:17Z,61697,236000,30291277,101,2022-07-17T19:08:49.337309Z
049yxgjQIE8,UClADcB8hXntdpLgnGXhajrw,Smooth Jazz Christmas Carols â„ï¸ 3 Hours | Relaxing Saxophone Jazz for Cafe & Work â€¢ No Mid-Roll Ads,https://i.ytimg.com/vi/049yxgjQIE8/default.jpg,https://i.ytimg.com/vi/049yxgjQIE8/mqdefault.jpg,"Christmas Jazz, Christmas Carols, Christmas Music, Christmas Playlist, Xmas Jazz, Winter Jazz, Jazz Carols, Christmas BGM, Winter Playlist, Cafe Jazz Music, Cafe Jazz, Smooth Jazz, Saxophone Jazz, Sentimental Jazz, Elegant Jazz, Urban Jazz, Contemporary Jazz, Warm Jazz, Cozy Jazz, Soft Jazz, Mellow Jazz, Relaxing Jazz, Lounge Jazz, Cafe Music, Coffee Shop Music, Background Music, Study Music, Work Music, Restaurant Music, Hotel Lobby Music, Playlist, AI Music",en,PT3H2M45S,2025-11-29T08:56:01Z,1252696,10000,1263783,9,2025-11-14T21:46:45.651588Z
fzDqfdmvw2o,UCidPRduDamXM2vUM2SZHsEQ,"4 Hours Chopin for Studying, Concentration & Relaxation",https://i.ytimg.com/vi/fzDqfdmvw2o/default.jpg,https://i.ytimg.com/vi/fzDqfdmvw2o/mqdefault.jpg,"chopin, nocturne, classical, classical music, frÃ©dÃ©ric chopin, chopin nocturnes, chopin piano, chopin nocturne, best of chopin, the best of chopin, chopin nocturne op. 9 no. 2, classical piano, piano music, classical music for relaxation, ĞºĞ»Ğ°ÑÑĞ¸Ñ‡ĞµÑĞºĞ°Ñ Ğ¼ÑƒĞ·Ñ‹ĞºĞ°, relaxing classical music, nocturne in e flat major, nocturne op 9 no 2, nocturne in c sharp minor, frederic chopin, chopin waltzes, chopin etudes, chopin waltz, piano chopin, ì‡¼íŒ½ ë…¹í„´, ì‡¼íŒ½, ã‚·ãƒ§ãƒ‘ãƒ³, classical music for studying",en,PT3H32M44S,2025-06-28T11:00:06Z,1883718,17900,3770612,92,2025-05-29T16:20:19.095593Z
g4GeKfQxeD4,UC4EQ1cAWjRaGniJZ9bcRMOQ,ğŸ¹ğŸ”¥Relaxing Lounge Piano | Winter Fire & Snowfall for 5 Hours | Focus Recharge Boost Mood Meditation,https://i.ytimg.com/vi/g4GeKfQxeD4/default.jpg,https://i.ytimg.com/vi/g4GeKfQxeD4/mqdefault.jpg,"cozywinter, cozyambience, winterambience, bedroomambience, warmfireplace, fireplaceambience, relaxingpianomusic, softpianomusic, pianosleepmusic, pianorelaxation, calmpianomusic, winterpiano, wintercozyroom, snowfallambience, snowynight, cozybedroomvibes, warmandcozy, pianoforstudying, pianoforreading, deepsleepmusic, studywithme, calmingwinterambience, softwinterpiano, christmasrelaxation, quietnightvibes, relaxandunwind, wintercomfort, peacefulpiano, calmingmusicbackground, warmfirelight, pianolullaby, winterrest",en,PT5H20M33S,2025-12-08T04:27:04Z,240711,7680,2516771,66,2018-09-12T17:41:19Z
3dzlI3tcrX8,UC5g89claiIMEQPGsd2mx9lA,Winter Night in Cozy Reading Nook with Soft Jazz Music & Fireplace Sounds for Relaxation â„ï¸,https://i.ytimg.com/vi/3dzlI3tcrX8/default_live.jpg,https://i.ytimg.com/vi/3dzlI3tcrX8/mqdefault_live.jpg,"winter night, cozy reading nook ambience, reading nook ambience, cozy reading nook, cozy book nook, reading nook, cozy reading nooks, nook place, cozy nook, book nook, cozy cabin ambience, cozy cabin, cozy ambience, cabin ambience, cozy winter cabin ambience, cozy winter ambience, winter ambience, cozy winter, cozy winter cabin, jazz music, soft jazz, winter jazz, winter jazz music, cozy winter jazz, fireplace sounds, cozy christmas ambience, christmas ambience",en,P0D,2024-12-12T10:13:05Z,411943,30600,14524422,272,2024-07-18T07:46:48.442589Z
w8WHE-1PQog,UCbsHYIZwk9pZIMp53ciDjOw,Playlist | ë¡œë§¨í‹±í•œ í¬ë¦¬ìŠ¤ë§ˆìŠ¤ ë¶„ìœ„ê¸° ë‚´ê³  ì‹¶ì„ ë•Œâ£ï¸with Jazz | ê²¨ìš¸ì— ë“£ê¸° ì¢‹ì€ í¸ì•ˆí•œ í¬ë¦¬ìŠ¤ë§ˆìŠ¤ ì¬ì¦ˆ ìºë¡¤ğŸ„ğŸ¤ | Warm & Cozy Jazz music,https://i.ytimg.com/vi/w8WHE-1PQog/default_live.jpg,https://i.ytimg.com/vi/w8WHE-1PQog/mqdefault_live.jpg,,ko,P0D,2025-10-31T09:30:03Z,248482,354000,106484752,224,2022-06-26T13:46:31.170279Z
XSXEaikz0Bc,UCSJ4gkVC6NrvII8umztf0Ow,christmas lofi musicğŸ„cozy radio to get festive to,https://i.ytimg.com/vi/XSXEaikz0Bc/default_live.jpg,https://i.ytimg.com/vi/XSXEaikz0Bc/mqdefault_live.jpg,"lofi girl christmas, lofi girl christmas music, lofi girl radio, christmas lofi, christmas lofi music, cozy christmas music, lofi girl winter mix, lofi hip hop christmas, cozy holiday playlist, christmas study music, lofi girl festive mix, relaxing christmas beats, winter lofi mix, cozy fireplace lofi, lofi girl christmas ambience, holiday chill lofi, christmas background music, peaceful holiday playlist, xmas chill lofi, cozy winter vibes, christmas music, christmas",en,P0D,2025-12-22T14:59:46Z,688727,15600000,2470785032,313,2015-03-18T15:36:55Z
bdSDAcVe9ts,UClsVIN4JBhcursJgwXCa8uQ,Winter Jazz Coffee Shop â„ï¸â˜• Relaxing Jazz & Crackles Fireplace Sound for Relax & Work,https://i.ytimg.com/vi/bdSDAcVe9ts/default_live.jpg,https://i.ytimg.com/vi/bdSDAcVe9ts/mqdefault_live.jpg,,en,P0D,2025-12-04T07:37:02Z,293337,2420,829669,19,2025-10-22T12:32:43.005011Z
mesRhn_OWA8,UCbsHYIZwk9pZIMp53ciDjOw,"Playlist l ë‚´ê°€ ì‚¬ë‘í•˜ëŠ” ì˜í™” ì† ì¬ì¦ˆ ğŸ¬ l Relaxing Jazz for Working, Studying, Focusing",https://i.ytimg.com/vi/mesRhn_OWA8/default.jpg,https://i.ytimg.com/vi/mesRhn_OWA8/mqdefault.jpg,,ko,PT10H5M27S,2024-03-13T02:50:14Z,3767886,354000,106484752,224,2022-06-26T13:46:31.170279Z
CFGLoQIhmow,UCSJ4gkVC6NrvII8umztf0Ow,lofi hip hop mix ğŸ“š beats to relax/study to (Part 1),https://i.ytimg.com/vi/CFGLoQIhmow/default.jpg,https://i.ytimg.com/vi/CFGLoQIhmow/mqdefault.jpg,"chilledcow, chilled cow, lofi, lofi hiphop, lofi hip hop, lo-fi hiphop, lo fi hip-hop, lofigirl, lofi girl, relaxing beats, beats, chill beats",en,PT2H50M41S,2024-10-17T19:00:07Z,5489170,15600000,2470785032,313,2015-03-18T15:36:55Z
ARSq6GFSLGY,UCbsHYIZwk9pZIMp53ciDjOw,"Playlist | ì ì— ë“¤ê³  ì‹¶ì„ ë•Œ ë“£ëŠ”, ì¬ì¦ˆğŸ’«ğŸ˜´ | Sleep Jazz",https://i.ytimg.com/vi/ARSq6GFSLGY/default.jpg,https://i.ytimg.com/vi/ARSq6GFSLGY/mqdefault.jpg,,ko,PT10H41M14S,2024-05-01T23:50:00Z,2833140,354000,106484752,224,2022-06-26T13:46:31.170279Z
K9bLYCGZxJg,UC3vgVf97MWOzgwV_r5JEGFA,"ğŸ„ Cozy Christmas Coffee Shop Ambience with Relaxing Jazz Music & Crackling Fireplace for Work, Study",https://i.ytimg.com/vi/K9bLYCGZxJg/default_live.jpg,https://i.ytimg.com/vi/K9bLYCGZxJg/mqdefault_live.jpg,"coffee shop music, coffee shop relax, coffee shop jazz, jazz, jazz music, smooth jazz, relaxing jazz, jazz relaxing music, jazz instrumental, cafe music, relaxing jazz music, coffee music, cafe jazz, cafe ambience, christmas jazz music, christmas jazz, christmas jazz music 2026, winter jazz music 2026, winter jazz, winter jazz music, christmas ambience, snowfall, christmas jazz cafe, christmas cafe, relaxing christmas jazz, crackling fireplace, fireplace sounds",en,P0D,2025-11-19T03:22:14Z,41583,16900,5276442,256,2022-08-15T16:10:11.551108Z
